dataset_name,data_mode,embedding_backend,estimator,query_policy,split_id,user_id,q,n_train_users,n_words,n_observed_labels,n_eval_labels,normalized_uncertainty_reduction,queries_to_confidence_80,runtime_seconds,nll,brier,accuracy,balanced_accuracy,auroc,average_precision_known,average_precision_unknown,expected_calibration_error,mean_predictive_entropy,uncertain_fraction_0_4_0_6,confident_fraction_0_2_0_8
responses_static,grouped_residual_irt_user_discriminative_rich,fasttext,grouped_residual_irt_kmeans_euclidean_g8_t010_rp100,fixed_global_sequence,loou_user0,user0,100,15,31276,100,11897,0.0,,0.4703055800000584,0.6289474713578158,0.1601845568838871,0.7838950996049424,0.7275805261324138,0.8243298323419801,0.5826123176358415,0.935160766034911,0.12786673807659488,0.4113339989027912,0.07514499453643776,0.5166848785408086
responses_static,grouped_residual_irt_user_discriminative_rich,fasttext,grouped_residual_irt_kmeans_euclidean_g8_t010_rp100,fixed_global_sequence,loou_user0,user0,200,15,31276,200,11797,-0.038107252559321986,,0.9618474300000344,0.6594361596430796,0.16901924861198256,0.7605323387301857,0.7447836923809412,0.8271003872068745,0.5834069741452741,0.9364348403848465,0.15988902855562068,0.42700880748521575,0.14283292362465033,0.5402220903619565
responses_static,grouped_residual_irt_user_discriminative_rich,fasttext,grouped_residual_irt_kmeans_euclidean_g8_t010_rp100,fixed_global_sequence,loou_user0,user0,1000,15,31276,1000,10997,0.019131157785522716,,1.4461537210002007,0.6321694334756254,0.1574463882711219,0.7771210330090025,0.7514490644742746,0.8416141576247723,0.5995484329095909,0.9422366945630913,0.13830862138438904,0.4034647032672319,0.15122306083477313,0.5429662635264163
responses_static,grouped_residual_irt_user_discriminative_rich,fasttext,grouped_residual_irt_kmeans_euclidean_g8_t010_rp100,fixed_global_sequence,loou_user1,user1,100,15,31276,100,11897,0.0,,0.49150923699994564,0.4376345053152917,0.1392321955199299,0.8079347734723039,0.8096309804520292,0.9015340661701923,0.9011362432740857,0.897141444976282,0.09397639828540662,0.48457777977258354,0.1782802387156426,0.419097251407918
responses_static,grouped_residual_irt_user_discriminative_rich,fasttext,grouped_residual_irt_kmeans_euclidean_g8_t010_rp100,fixed_global_sequence,loou_user1,user1,200,15,31276,200,11797,-0.0004887535355643624,,0.9883588719999352,0.4260471744529805,0.1341012101613103,0.811138425023311,0.8127828563016091,0.9041404026538417,0.9034063625179483,0.9004199295132306,0.0806356102591227,0.4848146188757033,0.17673984911418159,0.409765194540985
responses_static,grouped_residual_irt_user_discriminative_rich,fasttext,grouped_residual_irt_kmeans_euclidean_g8_t010_rp100,fixed_global_sequence,loou_user1,user1,1000,15,31276,1000,10997,0.02649669201592634,,1.5152655839999625,0.39656900952377255,0.12126088689816697,0.8436846412657998,0.8441720134034012,0.9179762166176162,0.9161967253274775,0.9133897701758531,0.07971265737793623,0.471738071584188,0.1455851595889788,0.44221151223060834
responses_static,grouped_residual_irt_user_discriminative_rich,fasttext,grouped_residual_irt_kmeans_euclidean_g8_t010_rp100,fixed_global_sequence,loou_user10,user10,100,15,31276,100,11897,0.0,,0.5101865130000078,0.4648070633544493,0.14915180028738395,0.785324031268387,0.7930258974194156,0.872436490668235,0.9058986984843547,0.8184883909375441,0.06828007576635234,0.48484216141037534,0.18248297890224427,0.4121207026981592
responses_static,grouped_residual_irt_user_discriminative_rich,fasttext,grouped_residual_irt_kmeans_euclidean_g8_t010_rp100,fixed_global_sequence,loou_user10,user10,200,15,31276,200,11797,0.004448723314440489,,1.0007364150001195,0.46920949466281425,0.15100137849743675,0.7836738153767907,0.793723291537047,0.87439592519084,0.9078302228259041,0.8214082939649624,0.08276803383174328,0.4826852327830853,0.16453335593795032,0.4156141391879291
responses_static,grouped_residual_irt_user_discriminative_rich,fasttext,grouped_residual_irt_kmeans_euclidean_g8_t010_rp100,fixed_global_sequence,loou_user10,user10,1000,15,31276,1000,10997,0.03344280961030205,,1.515514800000119,0.4376389545136611,0.13713487382093167,0.817677548422297,0.8217032566385538,0.8890903491776911,0.9193353837898544,0.8364628179761437,0.06865593869058075,0.4686276773152808,0.14285714285714285,0.44730381013003545
responses_static,grouped_residual_irt_user_discriminative_rich,fasttext,grouped_residual_irt_kmeans_euclidean_g8_t010_rp100,fixed_global_sequence,loou_user11,user11,100,15,31276,100,11897,0.0,,0.4882451650000803,0.4333083553506808,0.13163225623834013,0.8178532403126839,0.8179308064480496,0.8984601268106605,0.8493915234318725,0.9267530490620636,0.07497960768007637,0.47613084961195556,0.20853996805917457,0.41279314112801546
responses_static,grouped_residual_irt_user_discriminative_rich,fasttext,grouped_residual_irt_kmeans_euclidean_g8_t010_rp100,fixed_global_sequence,loou_user11,user11,200,15,31276,200,11797,0.001172422628738091,,0.9542313500001001,0.432003763912587,0.13091632257966654,0.818004577434941,0.8201259793813692,0.9015877548590027,0.8559362335387578,0.9287977920855005,0.07736919626178719,0.4755726230296302,0.19123505976095617,0.4111214715605662
responses_static,grouped_residual_irt_user_discriminative_rich,fasttext,grouped_residual_irt_kmeans_euclidean_g8_t010_rp100,fixed_global_sequence,loou_user11,user11,1000,15,31276,1000,10997,0.04802603956113442,,1.4696436660001382,0.40488551668166056,0.12067931346418329,0.8313176320814768,0.8221168288602754,0.9128457776534605,0.8691606837458089,0.9363679040451286,0.06817245175079521,0.45326417059221524,0.1820496499045194,0.5101391288533237
responses_static,grouped_residual_irt_user_discriminative_rich,fasttext,grouped_residual_irt_kmeans_euclidean_g8_t010_rp100,fixed_global_sequence,loou_user12,user12,100,15,31276,100,11897,0.0,,0.4533787170000778,0.5513062540641865,0.17253097476589302,0.7453979994956712,0.7584224470408101,0.843922851754032,0.7882781439909645,0.8750102512172265,0.11390332751098567,0.4797362977289223,0.15600571572665378,0.424224594435572
responses_static,grouped_residual_irt_user_discriminative_rich,fasttext,grouped_residual_irt_kmeans_euclidean_g8_t010_rp100,fixed_global_sequence,loou_user12,user12,200,15,31276,200,11797,0.00461284046232235,,0.9664598760000445,0.5389650633628823,0.16754541582119828,0.7551072306518607,0.7669894818393158,0.8485357680924205,0.7999835381689857,0.8776921510790883,0.10373997500142833,0.4775233507235136,0.17182334491819953,0.44646944138340255
responses_static,grouped_residual_irt_user_discriminative_rich,fasttext,grouped_residual_irt_kmeans_euclidean_g8_t010_rp100,fixed_global_sequence,loou_user12,user12,1000,15,31276,1000,10997,0.03729391398936243,,1.4473325280000608,0.5013489078263083,0.1513384714125625,0.7876693643721014,0.7959999174252708,0.8668416526347731,0.8173061635499496,0.8913403155862962,0.07929041692871304,0.4618450535038447,0.16004364826770937,0.4690370100936619
responses_static,grouped_residual_irt_user_discriminative_rich,fasttext,grouped_residual_irt_kmeans_euclidean_g8_t010_rp100,fixed_global_sequence,loou_user13,user13,100,15,31276,100,11897,0.0,,0.5928745390001495,0.5013056921816612,0.11950596289089377,0.8366815163486593,0.834307972529285,0.9033013186863766,0.6255233806491884,0.9769743213335056,0.14990602543578932,0.3906356326764018,0.15382029082962093,0.5596368832478776
responses_static,grouped_residual_irt_user_discriminative_rich,fasttext,grouped_residual_irt_kmeans_euclidean_g8_t010_rp100,fixed_global_sequence,loou_user13,user13,200,15,31276,200,11797,0.10840928336522761,,1.043889856000078,0.4497671283026449,0.10500743643031679,0.8675086886496567,0.7945217284882358,0.9041920361172587,0.626991713903341,0.9771957521536514,0.09970743757915711,0.3482871036810308,0.0868864965669238,0.6798338560651013
responses_static,grouped_residual_irt_user_discriminative_rich,fasttext,grouped_residual_irt_kmeans_euclidean_g8_t010_rp100,fixed_global_sequence,loou_user13,user13,1000,15,31276,1000,10997,0.24441277394109656,,1.621899251000059,0.42459372414643265,0.10087388072581166,0.8570519232517959,0.7314186942794716,0.907466692594183,0.6332059094212432,0.9776417402252731,0.059498143201732884,0.29515929409372715,0.10530144584886787,0.7282895335091388
responses_static,grouped_residual_irt_user_discriminative_rich,fasttext,grouped_residual_irt_kmeans_euclidean_g8_t010_rp100,fixed_global_sequence,loou_user14,user14,100,15,31276,100,11897,0.0,,0.4616438829998515,0.35515482547150157,0.1037621809316912,0.8529040934689418,0.7965551856887597,0.8967090190194884,0.9774340353186484,0.605905630215683,0.10473787426761771,0.4079141390295478,0.13616878204589392,0.5603933764814659
responses_static,grouped_residual_irt_user_discriminative_rich,fasttext,grouped_residual_irt_kmeans_euclidean_g8_t010_rp100,fixed_global_sequence,loou_user14,user14,200,15,31276,200,11797,0.00825074352547896,,0.9333086139999978,0.35087158357968584,0.10225337755822496,0.855047893532254,0.798567601653725,0.8989397439447742,0.9782070048529343,0.6014393013096992,0.1025519386560836,0.40454854408799845,0.1373230482326015,0.5619225226752564
responses_static,grouped_residual_irt_user_discriminative_rich,fasttext,grouped_residual_irt_kmeans_euclidean_g8_t010_rp100,fixed_global_sequence,loou_user14,user14,1000,15,31276,1000,10997,0.1553135912535251,,1.462104188000012,0.30742733803326333,0.08945751695588022,0.8687823951986906,0.7243257482277226,0.9080825530473495,0.9804163716657615,0.6077498749813312,0.04376496494802146,0.344559529173779,0.08320451032099664,0.6518141311266709
responses_static,grouped_residual_irt_user_discriminative_rich,fasttext,grouped_residual_irt_kmeans_euclidean_g8_t010_rp100,fixed_global_sequence,loou_user15,user15,100,15,31276,100,11897,0.0,,0.45998147000000245,0.4125492825701838,0.12555801238228612,0.8342439270404304,0.812931614656706,0.8984748867295561,0.8209448228329298,0.942196161007666,0.07847788737747569,0.4586952326409595,0.21929898293687483,0.5174413717743969
responses_static,grouped_residual_irt_user_discriminative_rich,fasttext,grouped_residual_irt_kmeans_euclidean_g8_t010_rp100,fixed_global_sequence,loou_user15,user15,200,15,31276,200,11797,-0.006652264165196232,,1.0800478989999647,0.415733245115054,0.12660841984723345,0.8147834195134356,0.8179838592104618,0.9035883437450812,0.8318251120855386,0.9453393610466778,0.08915580225726771,0.4617465944998033,0.15995592099686362,0.471391031618208
responses_static,grouped_residual_irt_user_discriminative_rich,fasttext,grouped_residual_irt_kmeans_euclidean_g8_t010_rp100,fixed_global_sequence,loou_user15,user15,1000,15,31276,1000,10997,0.05607175464421979,,1.5915452399999594,0.38143790760147367,0.11430662758467806,0.8418659634445758,0.8183030642389151,0.9155149467254984,0.8467407129654959,0.9519517222301519,0.0600311958583333,0.4329753860998423,0.158043102664363,0.5190506501773211
responses_static,grouped_residual_irt_user_discriminative_rich,fasttext,grouped_residual_irt_kmeans_euclidean_g8_t010_rp100,fixed_global_sequence,loou_user2,user2,100,15,31276,100,11897,0.0,,0.4463410629998634,0.353553263840076,0.10865752690672884,0.8546692443473144,0.8343488682426934,0.9205470980861826,0.9754728157084487,0.7618086405322742,0.10645248271539812,0.449697170574493,0.14180045389594015,0.48423972430024376
responses_static,grouped_residual_irt_user_discriminative_rich,fasttext,grouped_residual_irt_kmeans_euclidean_g8_t010_rp100,fixed_global_sequence,loou_user2,user2,200,15,31276,200,11797,0.020885869196884423,,0.8908540359998369,0.34002005547533937,0.10361870183094167,0.8609816054929219,0.8366426743342772,0.9236414951236299,0.9765166862184469,0.7671019367531527,0.09479323835163928,0.4403048542916651,0.15563278799694838,0.5082648130880733
responses_static,grouped_residual_irt_user_discriminative_rich,fasttext,grouped_residual_irt_kmeans_euclidean_g8_t010_rp100,fixed_global_sequence,loou_user2,user2,1000,15,31276,1000,10997,0.15301877542666234,,1.332407559999865,0.2973894836943021,0.09117216748586268,0.864872237883059,0.742985003979367,0.934103633265214,0.9798517198932675,0.7848218318542449,0.06706115199091947,0.3808850602203492,0.1399472583431845,0.5896153496408111
responses_static,grouped_residual_irt_user_discriminative_rich,fasttext,grouped_residual_irt_kmeans_euclidean_g8_t010_rp100,fixed_global_sequence,loou_user3,user3,100,15,31276,100,11897,0.0,,0.4520264689999749,0.4586834539385606,0.14952309712989392,0.7806169622593931,0.7906911959734249,0.8960552281442977,0.9126525014625039,0.8765360826703121,0.10883027728758082,0.4776469097933154,0.19349415819114063,0.39615028998907287
responses_static,grouped_residual_irt_user_discriminative_rich,fasttext,grouped_residual_irt_kmeans_euclidean_g8_t010_rp100,fixed_global_sequence,loou_user3,user3,200,15,31276,200,11797,-0.008734829370312317,,0.8958723089999694,0.4407153589114273,0.14137065543514765,0.7824870729846571,0.7924143575029142,0.8974121328335364,0.9134811950104922,0.8779187651583942,0.0864759563485528,0.481819074049617,0.19216750021191828,0.47851148597100956
responses_static,grouped_residual_irt_user_discriminative_rich,fasttext,grouped_residual_irt_kmeans_euclidean_g8_t010_rp100,fixed_global_sequence,loou_user3,user3,1000,15,31276,1000,10997,0.015431617808616165,,1.4654815210001289,0.4046088078613173,0.12549229227531977,0.8333181776848231,0.8369890836569043,0.912256477774913,0.9264336675614562,0.8927780367070292,0.08574200852646761,0.4702760452339184,0.158043102664363,0.47076475402382467
responses_static,grouped_residual_irt_user_discriminative_rich,fasttext,grouped_residual_irt_kmeans_euclidean_g8_t010_rp100,fixed_global_sequence,loou_user4,user4,100,15,31276,100,11897,0.0,,0.4850964170000225,0.4189733984713218,0.13271241728315789,0.820542994032109,0.8202164715206597,0.9001992202076275,0.9041269975143373,0.8938224590045695,0.06471402818067612,0.4872874558555262,0.1876103219298983,0.4059847020257208
responses_static,grouped_residual_irt_user_discriminative_rich,fasttext,grouped_residual_irt_kmeans_euclidean_g8_t010_rp100,fixed_global_sequence,loou_user4,user4,200,15,31276,200,11797,0.003254078725469351,,1.1437181650001094,0.41441793056189263,0.13078981762130454,0.8245316605916758,0.824378493465215,0.9012712638894592,0.9056921223369068,0.8946163274076421,0.06632867637171216,0.48570178411223863,0.1439348987030601,0.4094261252860897
responses_static,grouped_residual_irt_user_discriminative_rich,fasttext,grouped_residual_irt_kmeans_euclidean_g8_t010_rp100,fixed_global_sequence,loou_user4,user4,1000,15,31276,1000,10997,0.030956512673206957,,1.646840771000143,0.39222172562897645,0.12132847986419923,0.8426843684641265,0.8421057503438496,0.915578298182242,0.918926297372147,0.9078700021505589,0.08200443665266384,0.4722027355528398,0.16677275620623808,0.44957715740656545
responses_static,grouped_residual_irt_user_discriminative_rich,fasttext,grouped_residual_irt_kmeans_euclidean_g8_t010_rp100,fixed_global_sequence,loou_user5,user5,100,15,31276,100,11897,0.0,,0.4874879209999108,0.3786730533062361,0.1155364891165269,0.8376061191897117,0.8175001656114436,0.9046098622619675,0.9736295360265756,0.6848120193840136,0.11921462123808416,0.4448852513496983,0.13314280911154072,0.4893670673278978
responses_static,grouped_residual_irt_user_discriminative_rich,fasttext,grouped_residual_irt_kmeans_euclidean_g8_t010_rp100,fixed_global_sequence,loou_user5,user5,200,15,31276,200,11797,0.05176805118543096,,0.9644557740000437,0.3490698641570229,0.10505897404768429,0.8581842841400356,0.7876755727884197,0.9065118949836499,0.9743024806626961,0.6853348884589106,0.07973121667378032,0.4218544088861838,0.1415614139187929,0.5585318301263033
responses_static,grouped_residual_irt_user_discriminative_rich,fasttext,grouped_residual_irt_kmeans_euclidean_g8_t010_rp100,fixed_global_sequence,loou_user5,user5,1000,15,31276,1000,10997,0.13641432371143652,,1.4258743620000587,0.31698564023461884,0.09502776028165576,0.8616895516959171,0.7384643974077016,0.9191680399192989,0.9782521654922791,0.7041590979634271,0.05353888324778298,0.38419653065763676,0.12948986087114667,0.5837046467218332
responses_static,grouped_residual_irt_user_discriminative_rich,fasttext,grouped_residual_irt_kmeans_euclidean_g8_t010_rp100,fixed_global_sequence,loou_user6,user6,100,15,31276,100,11897,0.0,100.0,0.4541822129999673,0.32785905451896086,0.06935231603936981,0.9272925947717912,0.6044991115679743,0.8670233433102659,0.9902962018266898,0.24612414476033534,0.058973270117528453,0.20351573861569422,0.0,0.8777002605698916
responses_static,grouped_residual_irt_user_discriminative_rich,fasttext,grouped_residual_irt_kmeans_euclidean_g8_t010_rp100,fixed_global_sequence,loou_user6,user6,200,15,31276,200,11797,-0.27050204316533866,100.0,0.901099492999947,0.36624492449249857,0.07645854672366449,0.8921759769432906,0.6880584421031485,0.8721971369081108,0.9908246072034677,0.2510958726188298,0.0945930047657396,0.2585671617275425,0.05984572348902263,0.8134271424938544
responses_static,grouped_residual_irt_user_discriminative_rich,fasttext,grouped_residual_irt_kmeans_euclidean_g8_t010_rp100,fixed_global_sequence,loou_user6,user6,1000,15,31276,1000,10997,0.05111599442123383,100.0,1.3666089509999892,0.33263464952502525,0.07049453003963843,0.9251614076566336,0.6110672376731935,0.8789184871636349,0.9911269006548352,0.2641186620768554,0.0573111311408315,0.1931128292559811,0.0,0.8676911885059562
responses_static,grouped_residual_irt_user_discriminative_rich,fasttext,grouped_residual_irt_kmeans_euclidean_g8_t010_rp100,fixed_global_sequence,loou_user7,user7,100,15,31276,100,11897,0.0,,0.4464862360000552,0.40752457955071325,0.12848153806866666,0.8310498444986131,0.8328549906643292,0.9083523039865453,0.9265767697817389,0.8811683057902358,0.07543752087468134,0.4880554750917179,0.1860973354627217,0.40590064722198876
responses_static,grouped_residual_irt_user_discriminative_rich,fasttext,grouped_residual_irt_kmeans_euclidean_g8_t010_rp100,fixed_global_sequence,loou_user7,user7,200,15,31276,200,11797,0.003189624958937036,,0.9007997319999959,0.40428612052446294,0.1270785565924179,0.8354666440620496,0.8371597329313814,0.9104588246013583,0.928293416895853,0.8833338690638802,0.0784794225042302,0.4864987611670195,0.17546833940832415,0.40934135797236587
responses_static,grouped_residual_irt_user_discriminative_rich,fasttext,grouped_residual_irt_kmeans_euclidean_g8_t010_rp100,fixed_global_sequence,loou_user7,user7,1000,15,31276,1000,10997,0.03032603804047563,,1.3504471749999993,0.3799767746434218,0.11662974193519823,0.855233245430572,0.8562916867541155,0.9237736528872791,0.9398258187049743,0.8953771299417623,0.08584786838071379,0.4732546861882241,0.15004092025097754,0.4391197599345276
responses_static,grouped_residual_irt_user_discriminative_rich,fasttext,grouped_residual_irt_kmeans_euclidean_g8_t010_rp100,fixed_global_sequence,loou_user8,user8,100,15,31276,100,11897,0.0,,0.45465457999989667,0.425315635985783,0.13397972110994547,0.8097839791544087,0.7787620009875793,0.8891178485964979,0.9310447907328946,0.8106477181965881,0.05792616081025466,0.46170661778725663,0.1974447339665462,0.4323779103975792
responses_static,grouped_residual_irt_user_discriminative_rich,fasttext,grouped_residual_irt_kmeans_euclidean_g8_t010_rp100,fixed_global_sequence,loou_user8,user8,200,15,31276,200,11797,-0.021682395641317947,,0.9007528729998739,0.42121177151315864,0.13131856863447183,0.817072136983979,0.7936221360431277,0.8903493729412172,0.9312856127620073,0.8126760887054926,0.058446275785325755,0.4717175233443347,0.1895397134864796,0.4858014749512588
responses_static,grouped_residual_irt_user_discriminative_rich,fasttext,grouped_residual_irt_kmeans_euclidean_g8_t010_rp100,fixed_global_sequence,loou_user8,user8,1000,15,31276,1000,10997,0.002166872473944571,,1.3518042480000076,0.3993706359512704,0.1215165312677141,0.8444121123942894,0.8381543946499821,0.9061699875487031,0.9422517987719952,0.8302029577697856,0.07059178527695058,0.4607061584261354,0.1633172683459125,0.4784941347640266
responses_static,grouped_residual_irt_user_discriminative_rich,fasttext,grouped_residual_irt_kmeans_euclidean_g8_t010_rp100,fixed_global_sequence,loou_user9,user9,100,15,31276,100,11897,0.0,,0.45590182499995535,0.5488466544079799,0.1708230740955785,0.7548121375136589,0.7440799513481093,0.8155405957982707,0.8877632853147974,0.6670099949048559,0.0704184599194873,0.4749510116482447,0.17668319744473396,0.43036059510801045
responses_static,grouped_residual_irt_user_discriminative_rich,fasttext,grouped_residual_irt_kmeans_euclidean_g8_t010_rp100,fixed_global_sequence,loou_user9,user9,200,15,31276,200,11797,0.021686719866488548,,0.9201884130000053,0.5352654384079673,0.16611187160383595,0.7573111808086802,0.7269183387092225,0.817595572654134,0.8899578278464906,0.6682503107477572,0.0364925518654682,0.4646508821083239,0.1819954225650589,0.4880054251080783
responses_static,grouped_residual_irt_user_discriminative_rich,fasttext,grouped_residual_irt_kmeans_euclidean_g8_t010_rp100,fixed_global_sequence,loou_user9,user9,1000,15,31276,1000,10997,0.04034335779082486,,1.3805176529999699,0.5259871511050268,0.16021986034458818,0.7782122397017368,0.7708379753976992,0.8300889556736363,0.8977433469980987,0.6805717733745417,0.05566185659550073,0.45578989305220535,0.146585432390652,0.475038646903701
responses_static,grouped_residual_irt_user_discriminative_rich,fasttext,grouped_residual_irt_kmeans_euclidean_g8_t025_rp100,fixed_global_sequence,loou_user0,user0,100,15,31276,100,11897,0.0,,0.45802050299994335,0.6288714236436986,0.16020087292768456,0.7838950996049424,0.7275805261324138,0.8231305674208319,0.5762448124922965,0.9347134853427044,0.1272860452597159,0.4110317747592027,0.06472219887366563,0.5166848785408086
responses_static,grouped_residual_irt_user_discriminative_rich,fasttext,grouped_residual_irt_kmeans_euclidean_g8_t025_rp100,fixed_global_sequence,loou_user0,user0,200,15,31276,200,11797,-0.037723048905146106,,0.9076887969999916,0.660308862018655,0.1693780026892903,0.7605323387301857,0.7447836923809412,0.8278291683395833,0.5862162231627488,0.9366746513698836,0.15940889122640178,0.4265371465000131,0.1373230482326015,0.5571755531067221
responses_static,grouped_residual_irt_user_discriminative_rich,fasttext,grouped_residual_irt_kmeans_euclidean_g8_t025_rp100,fixed_global_sequence,loou_user0,user0,1000,15,31276,1000,10997,0.019885112225378258,,1.3689819609999176,0.635356655169178,0.1585627922623453,0.7790306447212876,0.7519143223477589,0.8411593846925874,0.6017186833267344,0.9419864737398981,0.1386741100316847,0.4028583617899196,0.12958079476220788,0.5261434936800946
responses_static,grouped_residual_irt_user_discriminative_rich,fasttext,grouped_residual_irt_kmeans_euclidean_g8_t025_rp100,fixed_global_sequence,loou_user1,user1,100,15,31276,100,11897,0.0,,0.45865533200003483,0.4369773527526872,0.13893773644973914,0.8079347734723039,0.8096309804520292,0.9014582379118672,0.9009759044778204,0.8971268226462635,0.09301831605790119,0.48477095725344654,0.17844834832310666,0.41976968983777424
responses_static,grouped_residual_irt_user_discriminative_rich,fasttext,grouped_residual_irt_kmeans_euclidean_g8_t025_rp100,fixed_global_sequence,loou_user1,user1,200,15,31276,200,11797,-0.0008756563920969948,,0.9251282860000174,0.4256855587585079,0.1339220414269561,0.811138425023311,0.8127828563016091,0.903723101730794,0.9026834760566372,0.899624116751613,0.07976762221474322,0.4851954500408685,0.17673984911418159,0.409765194540985
responses_static,grouped_residual_irt_user_discriminative_rich,fasttext,grouped_residual_irt_kmeans_euclidean_g8_t025_rp100,fixed_global_sequence,loou_user1,user1,1000,15,31276,1000,10997,0.02601350688717985,,1.3936112740000226,0.3968420719080321,0.12134405840287735,0.8436846412657998,0.8441720134034012,0.9176652935416193,0.9153578588852253,0.9132397819986724,0.08091956121994599,0.47216036461822924,0.14285714285714285,0.4395744293898336
responses_static,grouped_residual_irt_user_discriminative_rich,fasttext,grouped_residual_irt_kmeans_euclidean_g8_t025_rp100,fixed_global_sequence,loou_user10,user10,100,15,31276,100,11897,0.0,,0.4545174259999385,0.46480122352859404,0.14915345496649227,0.7809531814743212,0.7909765986042344,0.8734495463629642,0.9071366206931422,0.8202532193630798,0.06839493207042058,0.4848624008445545,0.18248297890224427,0.4121207026981592
responses_static,grouped_residual_irt_user_discriminative_rich,fasttext,grouped_residual_irt_kmeans_euclidean_g8_t025_rp100,fixed_global_sequence,loou_user10,user10,200,15,31276,200,11797,0.00534091936036833,,0.9083248730000832,0.4696987156509622,0.15121335385425055,0.7836738153767907,0.793723291537047,0.8756240691712878,0.9095553231879705,0.8230691338317723,0.08339783882792857,0.48227278986076916,0.1747054335848097,0.4156141391879291
responses_static,grouped_residual_irt_user_discriminative_rich,fasttext,grouped_residual_irt_kmeans_euclidean_g8_t025_rp100,fixed_global_sequence,loou_user10,user10,1000,15,31276,1000,10997,0.03512623769665498,,1.3552803960001256,0.4377816051516023,0.1372117321852876,0.8207693007183777,0.8233626309446652,0.8900454861783469,0.9207183239094732,0.837881019854363,0.06882795145534117,0.4678310089023179,0.14440301900518324,0.4458488678730563
responses_static,grouped_residual_irt_user_discriminative_rich,fasttext,grouped_residual_irt_kmeans_euclidean_g8_t025_rp100,fixed_global_sequence,loou_user11,user11,100,15,31276,100,11897,0.0,,0.46888763999982075,0.4336690822675094,0.13177742368490433,0.8129780616962259,0.8162032063508429,0.89910834873668,0.8500858697763879,0.9273547502446696,0.07544772917448421,0.4763972511882675,0.20853996805917457,0.4002689753719425
responses_static,grouped_residual_irt_user_discriminative_rich,fasttext,grouped_residual_irt_kmeans_euclidean_g8_t025_rp100,fixed_global_sequence,loou_user11,user11,200,15,31276,200,11797,-0.00013146973521037633,,0.928730387999849,0.43351629778312684,0.13149735195573978,0.8119860981605493,0.8179553221066519,0.9017398205259717,0.854781350163831,0.9290588414401909,0.07953848886357884,0.47645988300873615,0.20844282444689327,0.39705009748241077
responses_static,grouped_residual_irt_user_discriminative_rich,fasttext,grouped_residual_irt_kmeans_euclidean_g8_t025_rp100,fixed_global_sequence,loou_user11,user11,1000,15,31276,1000,10997,0.04304291772270375,,1.3879086559998086,0.40608508587271835,0.12102269594159712,0.8308629626261708,0.824876202819184,0.9126960214799406,0.867698050692274,0.9363545587458227,0.06917215339949581,0.45589172350204865,0.17495680640174593,0.5009548058561426
responses_static,grouped_residual_irt_user_discriminative_rich,fasttext,grouped_residual_irt_kmeans_euclidean_g8_t025_rp100,fixed_global_sequence,loou_user12,user12,100,15,31276,100,11897,0.0,,0.4734677849999116,0.5520281913445825,0.1728355995097563,0.7453979994956712,0.7584224470408101,0.8445130804646607,0.7893684126408227,0.8754989333841582,0.11450021035454423,0.4796271938808534,0.14911322182062706,0.424224594435572
responses_static,grouped_residual_irt_user_discriminative_rich,fasttext,grouped_residual_irt_kmeans_euclidean_g8_t025_rp100,fixed_global_sequence,loou_user12,user12,200,15,31276,200,11797,0.003336471832041884,,1.0662230160000945,0.542967686768535,0.1691282858316237,0.7481563109265067,0.7618843255097945,0.8488793017464369,0.7988371781484446,0.8778110604236408,0.10591962310936388,0.47802693125858864,0.18504704585911672,0.4278206323641604
responses_static,grouped_residual_irt_user_discriminative_rich,fasttext,grouped_residual_irt_kmeans_euclidean_g8_t025_rp100,fixed_global_sequence,loou_user12,user12,1000,15,31276,1000,10997,0.030827045705677923,,1.5336184120001235,0.5078530961790927,0.15394405813804216,0.7826680003637355,0.7915912608320375,0.8638630837163523,0.8135625110063018,0.8885533121890766,0.08237921820161646,0.4648417044534023,0.16268073110848413,0.4643993816495408
responses_static,grouped_residual_irt_user_discriminative_rich,fasttext,grouped_residual_irt_kmeans_euclidean_g8_t025_rp100,fixed_global_sequence,loou_user13,user13,100,15,31276,100,11897,0.0,,0.5292303710000397,0.5016748848816169,0.11963167455132265,0.8366815163486593,0.834307972529285,0.9048692724594767,0.6369848672450011,0.977259096561522,0.15023746202079094,0.39084715523108066,0.15382029082962093,0.5596368832478776
responses_static,grouped_residual_irt_user_discriminative_rich,fasttext,grouped_residual_irt_kmeans_euclidean_g8_t025_rp100,fixed_global_sequence,loou_user13,user13,200,15,31276,200,11797,0.10847175568044717,,0.9832405970000764,0.4498889924136077,0.10504119722970492,0.8675086886496567,0.7945217284882358,0.9069011704793083,0.6494127688464341,0.9777650049001796,0.09987290725290922,0.34845127810045706,0.0868864965669238,0.6798338560651013
responses_static,grouped_residual_irt_user_discriminative_rich,fasttext,grouped_residual_irt_kmeans_euclidean_g8_t025_rp100,fixed_global_sequence,loou_user13,user13,1000,15,31276,1000,10997,0.2436789572829459,,1.5029940610002086,0.4245900684114038,0.10085706496923597,0.8605983450031827,0.7234335593888668,0.9086371579120788,0.6373707734868187,0.9779191195531212,0.05641382736254766,0.29560592798736524,0.10530144584886787,0.7282895335091388
responses_static,grouped_residual_irt_user_discriminative_rich,fasttext,grouped_residual_irt_kmeans_euclidean_g8_t025_rp100,fixed_global_sequence,loou_user14,user14,100,15,31276,100,11897,0.0,,0.5527344009999524,0.3551924578382918,0.10378777988637727,0.8529040934689418,0.7965551856887597,0.8978715468246155,0.9777463160891018,0.6097946195382586,0.10453702786403753,0.40797472716688155,0.13616878204589392,0.560477431285198
responses_static,grouped_residual_irt_user_discriminative_rich,fasttext,grouped_residual_irt_kmeans_euclidean_g8_t025_rp100,fixed_global_sequence,loou_user14,user14,200,15,31276,200,11797,0.007542829507577731,,1.1071846049999294,0.3512761791713569,0.10239459659138181,0.853522081885225,0.800204447755775,0.9003051367087023,0.9786168355166299,0.6037594064656538,0.10305534948339105,0.4048974433564612,0.1373230482326015,0.5619225226752564
responses_static,grouped_residual_irt_user_discriminative_rich,fasttext,grouped_residual_irt_kmeans_euclidean_g8_t025_rp100,fixed_global_sequence,loou_user14,user14,1000,15,31276,1000,10997,0.15382580162262222,,1.5809682470001007,0.30722561483744576,0.08928481494114557,0.8701464035646085,0.7231259224311051,0.9095058793641577,0.9807854451205478,0.6137977821257065,0.04446438584584312,0.3452176877186654,0.08102209693552787,0.6529053378194053
responses_static,grouped_residual_irt_user_discriminative_rich,fasttext,grouped_residual_irt_kmeans_euclidean_g8_t025_rp100,fixed_global_sequence,loou_user15,user15,100,15,31276,100,11897,0.0,,0.5346363060000385,0.4128998936042383,0.12569362309718823,0.8345801462553585,0.8129972683373633,0.8992473445552747,0.8235340320000594,0.9427204774292582,0.07905427509792642,0.45891611360862955,0.21929898293687483,0.5174413717743969
responses_static,grouped_residual_irt_user_discriminative_rich,fasttext,grouped_residual_irt_kmeans_euclidean_g8_t025_rp100,fixed_global_sequence,loou_user15,user15,200,15,31276,200,11797,-0.006898989900086391,,0.9864457550002044,0.4163572546960487,0.12684255508558706,0.8147834195134356,0.8179838592104618,0.9034899353104041,0.8318203783797035,0.9451806545331465,0.08953928908228148,0.4620821712414024,0.1415614139187929,0.46164279053996776
responses_static,grouped_residual_irt_user_discriminative_rich,fasttext,grouped_residual_irt_kmeans_euclidean_g8_t025_rp100,fixed_global_sequence,loou_user15,user15,1000,15,31276,1000,10997,0.050791750085803035,,1.4441644280000219,0.38298815463091923,0.11471618950871561,0.8400472856233518,0.8221176652007178,0.9149338664269828,0.8465589022766642,0.9513506232614808,0.06049517543652547,0.43560696105587204,0.1573156315358734,0.5039556242611621
responses_static,grouped_residual_irt_user_discriminative_rich,fasttext,grouped_residual_irt_kmeans_euclidean_g8_t025_rp100,fixed_global_sequence,loou_user2,user2,100,15,31276,100,11897,0.0,,0.4536842899999556,0.3543450980608506,0.10896675732282957,0.8546692443473144,0.8343488682426934,0.921944115195718,0.9759194497225957,0.7657330861392893,0.10732412876871184,0.4501190548638674,0.13751365890560646,0.48423972430024376
responses_static,grouped_residual_irt_user_discriminative_rich,fasttext,grouped_residual_irt_kmeans_euclidean_g8_t025_rp100,fixed_global_sequence,loou_user2,user2,200,15,31276,200,11797,0.02076011344706741,,0.9164509570000519,0.3409571990774319,0.10398118142879888,0.8557260320420446,0.8379991609914567,0.9241790295529388,0.9767470241051973,0.7691306171934514,0.09558973897289107,0.44077453222020674,0.14096804272272612,0.49529541408832756
responses_static,grouped_residual_irt_user_discriminative_rich,fasttext,grouped_residual_irt_kmeans_euclidean_g8_t025_rp100,fixed_global_sequence,loou_user2,user2,1000,15,31276,1000,10997,0.15217359171306694,,1.37436427800003,0.29735312567144895,0.0910582936247393,0.863962898972447,0.7391933763991814,0.934640952922675,0.980072747646649,0.7871395936407074,0.06613223352377529,0.38162282158674166,0.1397653905610621,0.5916158952441575
responses_static,grouped_residual_irt_user_discriminative_rich,fasttext,grouped_residual_irt_kmeans_euclidean_g8_t025_rp100,fixed_global_sequence,loou_user3,user3,100,15,31276,100,11897,0.0,,0.45481893999999556,0.45885265526598373,0.14959888298136445,0.7806169622593931,0.7906911959734249,0.8967590460562062,0.9136555071242425,0.8768997304361111,0.10877734400731813,0.477481360924503,0.20005043288223923,0.39615028998907287
responses_static,grouped_residual_irt_user_discriminative_rich,fasttext,grouped_residual_irt_kmeans_euclidean_g8_t025_rp100,fixed_global_sequence,loou_user3,user3,200,15,31276,200,11797,-0.00851933832763063,,0.9150295709998773,0.440742846346859,0.1413906471419056,0.7824870729846571,0.7924143575029142,0.8985866453731532,0.9151733294921791,0.8787092524732314,0.08633117401357561,0.48154918618335635,0.19216750021191828,0.47851148597100956
responses_static,grouped_residual_irt_user_discriminative_rich,fasttext,grouped_residual_irt_kmeans_euclidean_g8_t025_rp100,fixed_global_sequence,loou_user3,user3,1000,15,31276,1000,10997,0.017704764240430562,,1.3709578779998992,0.4064745449294588,0.1263336847598225,0.8305901609529872,0.8335780206560888,0.9120363365213633,0.9266220879927123,0.8924107606992121,0.08554380412197408,0.46902766600013474,0.15549695371464944,0.4586705465126853
responses_static,grouped_residual_irt_user_discriminative_rich,fasttext,grouped_residual_irt_kmeans_euclidean_g8_t025_rp100,fixed_global_sequence,loou_user4,user4,100,15,31276,100,11897,0.0,,0.4577552519999699,0.4189471111164751,0.13270185606215956,0.8207951584433051,0.8206905179018562,0.9003107871428975,0.9041587424906989,0.8941248232396773,0.06496948887352566,0.48727692161028774,0.1876103219298983,0.4059847020257208
responses_static,grouped_residual_irt_user_discriminative_rich,fasttext,grouped_residual_irt_kmeans_euclidean_g8_t025_rp100,fixed_global_sequence,loou_user4,user4,200,15,31276,200,11797,0.0035755330136073783,,0.971501298000021,0.4143556656882209,0.1307702706934352,0.8245316605916758,0.824378493465215,0.9007148170604123,0.9039418764004913,0.8945017643402879,0.06621288902751729,0.4855346468903012,0.1381707213698398,0.4094261252860897
responses_static,grouped_residual_irt_user_discriminative_rich,fasttext,grouped_residual_irt_kmeans_euclidean_g8_t025_rp100,fixed_global_sequence,loou_user4,user4,1000,15,31276,1000,10997,0.03159286547018886,,1.4215775790000862,0.3921307626023833,0.12130227968634132,0.8430481040283714,0.8424504278704112,0.915577569582138,0.9188400253159208,0.9079334860600272,0.08273733468114237,0.47188244737912616,0.1705010457397472,0.4392106938255888
responses_static,grouped_residual_irt_user_discriminative_rich,fasttext,grouped_residual_irt_kmeans_euclidean_g8_t025_rp100,fixed_global_sequence,loou_user5,user5,100,15,31276,100,11897,0.0,,0.5196624229999998,0.3788501181495802,0.11561240542540017,0.8376061191897117,0.8175001656114436,0.9054929339408725,0.9739610332657872,0.6863832342189583,0.11936050666855225,0.4449982117984077,0.13314280911154072,0.4893670673278978
responses_static,grouped_residual_irt_user_discriminative_rich,fasttext,grouped_residual_irt_kmeans_euclidean_g8_t025_rp100,fixed_global_sequence,loou_user5,user5,200,15,31276,200,11797,0.05148993565069724,,0.9790028249999523,0.34951221346624195,0.10522333687054017,0.8581842841400356,0.7876755727884197,0.9072568367649654,0.9745494649087442,0.6885914416470668,0.08041217168935279,0.42208528250823235,0.1414766466050691,0.5585318301263033
responses_static,grouped_residual_irt_user_discriminative_rich,fasttext,grouped_residual_irt_kmeans_euclidean_g8_t025_rp100,fixed_global_sequence,loou_user5,user5,1000,15,31276,1000,10997,0.13559317422185765,,1.5735806170000615,0.317317902856247,0.09512496267370887,0.8615076839137946,0.7363555362539205,0.9198969848890024,0.9784847890696851,0.7071160262140841,0.05296304428510364,0.3846594917376111,0.11885059561698645,0.5807038283168137
responses_static,grouped_residual_irt_user_discriminative_rich,fasttext,grouped_residual_irt_kmeans_euclidean_g8_t025_rp100,fixed_global_sequence,loou_user6,user6,100,15,31276,100,11897,0.0,100.0,0.4829330000000027,0.32774086752438514,0.06933854122290993,0.9272925947717912,0.6044991115679743,0.8660998381682079,0.9902085120967401,0.24324046299252328,0.05889209415586345,0.20338017130459982,0.0,0.8777002605698916
responses_static,grouped_residual_irt_user_discriminative_rich,fasttext,grouped_residual_irt_kmeans_euclidean_g8_t025_rp100,fixed_global_sequence,loou_user6,user6,200,15,31276,200,11797,-0.27021647612546407,100.0,1.0614420829999744,0.3660697754812387,0.07642571725535191,0.8921759769432906,0.6880584421031485,0.8751523418569971,0.9910367989801951,0.2586483675450257,0.09446309907450953,0.258336844508322,0.05984572348902263,0.8134271424938544
responses_static,grouped_residual_irt_user_discriminative_rich,fasttext,grouped_residual_irt_kmeans_euclidean_g8_t025_rp100,fixed_global_sequence,loou_user6,user6,1000,15,31276,1000,10997,0.04972933869030548,100.0,1.5341869020001013,0.33280758681924033,0.07050772004367291,0.9251614076566336,0.6110672376731935,0.8800794535425419,0.9912979423290009,0.26642184196607666,0.05741859439475656,0.19326620988290102,0.0,0.8676911885059562
responses_static,grouped_residual_irt_user_discriminative_rich,fasttext,grouped_residual_irt_kmeans_euclidean_g8_t025_rp100,fixed_global_sequence,loou_user7,user7,100,15,31276,100,11897,0.0,,0.4687267790000078,0.40752838679036746,0.12846515364484404,0.8310498444986131,0.8328549906643292,0.9080759111187127,0.9262151677089842,0.8808983667774758,0.07556043093174894,0.4883083566867567,0.19021602084559133,0.40590064722198876
responses_static,grouped_residual_irt_user_discriminative_rich,fasttext,grouped_residual_irt_kmeans_euclidean_g8_t025_rp100,fixed_global_sequence,loou_user7,user7,200,15,31276,200,11797,0.0026726422762933205,,0.9508633129998998,0.4041439666260044,0.12698082244157127,0.8354666440620496,0.8371597329313814,0.9101407614874056,0.9279070830202223,0.8829583972043201,0.07869321948005069,0.48700328312880836,0.18487751123166907,0.40934135797236587
responses_static,grouped_residual_irt_user_discriminative_rich,fasttext,grouped_residual_irt_kmeans_euclidean_g8_t025_rp100,fixed_global_sequence,loou_user7,user7,1000,15,31276,1000,10997,0.031205040865845975,,1.4945320039998933,0.3797620978477872,0.1165514056034161,0.855233245430572,0.8562916867541155,0.9244035131910627,0.9404852803703281,0.8963788120548619,0.08570157645078504,0.47307067446121237,0.15013185414203875,0.4391197599345276
responses_static,grouped_residual_irt_user_discriminative_rich,fasttext,grouped_residual_irt_kmeans_euclidean_g8_t025_rp100,fixed_global_sequence,loou_user8,user8,100,15,31276,100,11897,0.0,,0.4721885999999813,0.42469169429646536,0.13371417522970266,0.8144069933596705,0.786721206366088,0.8890081209404794,0.9309710644651719,0.8105146044711012,0.05844717390216932,0.461439930094714,0.1974447339665462,0.4230478271833235
responses_static,grouped_residual_irt_user_discriminative_rich,fasttext,grouped_residual_irt_kmeans_euclidean_g8_t025_rp100,fixed_global_sequence,loou_user8,user8,200,15,31276,200,11797,-0.021938508774576378,,1.0312095360000058,0.4208901233766645,0.13119752120654393,0.816563533101636,0.7897784819697985,0.8908658990873303,0.9314578801718657,0.8141780431325093,0.05799518672015119,0.4715632340500368,0.1895397134864796,0.488174959735526
responses_static,grouped_residual_irt_user_discriminative_rich,fasttext,grouped_residual_irt_kmeans_euclidean_g8_t025_rp100,fixed_global_sequence,loou_user8,user8,1000,15,31276,1000,10997,-0.000214350878211153,,1.5485820599999442,0.39986923322724144,0.12168519569337694,0.8447758479585341,0.8398374825143826,0.9059518842998192,0.9415594179218478,0.8312819512597227,0.07117662207969352,0.4615388401489715,0.1633172683459125,0.46803673729198875
responses_static,grouped_residual_irt_user_discriminative_rich,fasttext,grouped_residual_irt_kmeans_euclidean_g8_t025_rp100,fixed_global_sequence,loou_user9,user9,100,15,31276,100,11897,0.0,,0.49587493199987875,0.5488523297667622,0.17087289276528764,0.7553164663360511,0.7424302217542851,0.8154335291248033,0.8876627648321662,0.6682861156662284,0.07046454285408504,0.47542544427105266,0.17668319744473396,0.43036059510801045
responses_static,grouped_residual_irt_user_discriminative_rich,fasttext,grouped_residual_irt_kmeans_euclidean_g8_t025_rp100,fixed_global_sequence,loou_user9,user9,200,15,31276,200,11797,0.02109217815896196,,0.9628225310000289,0.5356590439201108,0.16625381239069645,0.7580740866321947,0.726229208168407,0.8169439541864325,0.8891991200448878,0.6689999285012016,0.03689331099067692,0.46539768609918397,0.1819954225650589,0.5006357548529287
responses_static,grouped_residual_irt_user_discriminative_rich,fasttext,grouped_residual_irt_kmeans_euclidean_g8_t025_rp100,fixed_global_sequence,loou_user9,user9,1000,15,31276,1000,10997,0.03947507392614904,,1.4342524030000732,0.5257092592585467,0.1601721581962003,0.7783941074838593,0.7711638071550173,0.8298540260555642,0.8977285076699628,0.680685862836343,0.05641389840768242,0.4566579897120806,0.1525870692006911,0.4692188778757843
responses_static,grouped_residual_irt_user_discriminative_rich,fasttext,grouped_residual_irt_kmeans_euclidean_g16_t010_rp100,fixed_global_sequence,loou_user0,user0,100,15,31276,100,11897,0.0,,0.48226389499996003,0.6287483505912644,0.16013367778533352,0.7838950996049424,0.7275805261324138,0.8241290926385122,0.5842584563632517,0.9350411514074058,0.12763666229408646,0.41127746222282985,0.07228713120954862,0.5166848785408086
responses_static,grouped_residual_irt_user_discriminative_rich,fasttext,grouped_residual_irt_kmeans_euclidean_g16_t010_rp100,fixed_global_sequence,loou_user0,user0,200,15,31276,200,11797,-0.03747974023910916,,0.9734369319999132,0.6582626562174696,0.16866087565121674,0.7605323387301857,0.7447836923809412,0.8272161845594326,0.5844848528765049,0.9364654079030281,0.15886555136763292,0.42669203467314154,0.14113757735017377,0.5407306942442994
responses_static,grouped_residual_irt_user_discriminative_rich,fasttext,grouped_residual_irt_kmeans_euclidean_g16_t010_rp100,fixed_global_sequence,loou_user0,user0,1000,15,31276,1000,10997,0.018054115916973708,,1.4519264869998096,0.6318874865042111,0.15743197953615232,0.7800309175229608,0.753489912711496,0.841038260827229,0.5998543555889416,0.9419751751689911,0.1380909981150572,0.4038522112458201,0.15031372192416115,0.541420387378376
responses_static,grouped_residual_irt_user_discriminative_rich,fasttext,grouped_residual_irt_kmeans_euclidean_g16_t010_rp100,fixed_global_sequence,loou_user1,user1,100,15,31276,100,11897,0.0,,0.46444080100013707,0.437256902824256,0.1390478664606521,0.8079347734723039,0.8096309804520292,0.9018154393345661,0.9010362701690056,0.897740724405895,0.09353925401098899,0.4849511924171481,0.17844834832310666,0.41976968983777424
responses_static,grouped_residual_irt_user_discriminative_rich,fasttext,grouped_residual_irt_kmeans_euclidean_g16_t010_rp100,fixed_global_sequence,loou_user1,user1,200,15,31276,200,11797,-0.0005677806308575247,,0.9466805320000731,0.4259088302837856,0.13401227184333703,0.811138425023311,0.8127828563016091,0.9044148557173362,0.9030862738139215,0.9011023633674861,0.08040205071135538,0.48522653831111384,0.17716368568280072,0.41001949648215646
responses_static,grouped_residual_irt_user_discriminative_rich,fasttext,grouped_residual_irt_kmeans_euclidean_g16_t010_rp100,fixed_global_sequence,loou_user1,user1,1000,15,31276,1000,10997,0.02498659017251431,,1.4211263260001488,0.3967409496080918,0.12125458267364642,0.8438665090479222,0.8443581735917375,0.9179291100679599,0.9146875688045771,0.9140897333600928,0.08071291320583969,0.4728339157185487,0.1524052014185687,0.4405747021915068
responses_static,grouped_residual_irt_user_discriminative_rich,fasttext,grouped_residual_irt_kmeans_euclidean_g16_t010_rp100,fixed_global_sequence,loou_user10,user10,100,15,31276,100,11897,0.0,,0.4637013379999644,0.4637032323478049,0.14870006876977027,0.7910397579221653,0.7963037042059349,0.8752127006042525,0.909572695357473,0.8221038817334365,0.0677573054602014,0.4847559671039319,0.18248297890224427,0.4121207026981592
responses_static,grouped_residual_irt_user_discriminative_rich,fasttext,grouped_residual_irt_kmeans_euclidean_g16_t010_rp100,fixed_global_sequence,loou_user10,user10,200,15,31276,200,11797,0.0042037421649630214,,0.9289797230001113,0.4675441010330484,0.15032041900603868,0.7836738153767907,0.793723291537047,0.8774493840780083,0.911142262609487,0.8253858719860451,0.08202099767593796,0.48271817800529965,0.1722471814868187,0.4156141391879291
responses_static,grouped_residual_irt_user_discriminative_rich,fasttext,grouped_residual_irt_kmeans_euclidean_g16_t010_rp100,fixed_global_sequence,loou_user10,user10,1000,15,31276,1000,10997,0.0329695512333968,,1.4043390700001055,0.4319828282309654,0.13488879651840904,0.8194962262435209,0.8223126834420403,0.8928038240120326,0.9231259574451729,0.8414393828868201,0.0690615291863371,0.468773780410804,0.14085659725379648,0.4497590251886878
responses_static,grouped_residual_irt_user_discriminative_rich,fasttext,grouped_residual_irt_kmeans_euclidean_g16_t010_rp100,fixed_global_sequence,loou_user11,user11,100,15,31276,100,11897,0.0,,0.48088824000001296,0.433343243051605,0.1316452817590996,0.8184416239388081,0.8177497514599428,0.8989003556884374,0.8504722866390985,0.9269773745566503,0.07503546446685305,0.4760542104517224,0.20853996805917457,0.41834075817432964
responses_static,grouped_residual_irt_user_discriminative_rich,fasttext,grouped_residual_irt_kmeans_euclidean_g16_t010_rp100,fixed_global_sequence,loou_user11,user11,200,15,31276,200,11797,0.0008958379258336589,,0.9708468930000436,0.43259481916342196,0.13114509786910172,0.8150377214546071,0.8189339097511682,0.9017739656629313,0.8555085517783655,0.9289315758698928,0.07764467547924306,0.47562774303524696,0.20233957785877765,0.40815461558023225
responses_static,grouped_residual_irt_user_discriminative_rich,fasttext,grouped_residual_irt_kmeans_euclidean_g16_t010_rp100,fixed_global_sequence,loou_user11,user11,1000,15,31276,1000,10997,0.047588352746253865,,1.4728341459999683,0.404612753944309,0.12051963831615681,0.8314994998635992,0.8232829711405605,0.913117750210128,0.8682864758050535,0.9365803518076286,0.06783495677989225,0.4533995747584065,0.18032190597435666,0.5088660543784669
responses_static,grouped_residual_irt_user_discriminative_rich,fasttext,grouped_residual_irt_kmeans_euclidean_g16_t010_rp100,fixed_global_sequence,loou_user12,user12,100,15,31276,100,11897,0.0,,0.49759052899980816,0.551250937664936,0.17250907208273453,0.7453979994956712,0.7584224470408101,0.8446147996742646,0.7897071610719492,0.875792267953813,0.1139123375513257,0.47965261796040937,0.15793897621249053,0.424224594435572
responses_static,grouped_residual_irt_user_discriminative_rich,fasttext,grouped_residual_irt_kmeans_euclidean_g16_t010_rp100,fixed_global_sequence,loou_user12,user12,200,15,31276,200,11797,0.004928973082883689,,0.98019675799992,0.5401788092654836,0.168011844585199,0.7523099092989743,0.7651064404174006,0.8494912210676534,0.8015600325424157,0.8785932718774506,0.10447331054242445,0.4772884231173478,0.17512927015342883,0.4396032889717725
responses_static,grouped_residual_irt_user_discriminative_rich,fasttext,grouped_residual_irt_kmeans_euclidean_g16_t010_rp100,fixed_global_sequence,loou_user12,user12,1000,15,31276,1000,10997,0.036335466963582065,,1.4802698889998283,0.5009454831636713,0.15117858431373726,0.7888515049558971,0.797272084348172,0.8673528571984214,0.8187957873884413,0.8920306923577671,0.0793896734023725,0.46222421610651326,0.16595435118668728,0.46330817495680643
responses_static,grouped_residual_irt_user_discriminative_rich,fasttext,grouped_residual_irt_kmeans_euclidean_g16_t010_rp100,fixed_global_sequence,loou_user13,user13,100,15,31276,100,11897,0.0,,0.4820805770000334,0.5012056724057007,0.11948183648742171,0.8366815163486593,0.834307972529285,0.9044598199559671,0.6308694071693002,0.9772459716803664,0.14987557344964453,0.3905985069540118,0.15382029082962093,0.5596368832478776
responses_static,grouped_residual_irt_user_discriminative_rich,fasttext,grouped_residual_irt_kmeans_euclidean_g16_t010_rp100,fixed_global_sequence,loou_user13,user13,200,15,31276,200,11797,0.10847711854704857,,0.951458422000087,0.4496376007057755,0.1049801741172595,0.8675086886496567,0.7945217284882358,0.9061495693931874,0.6397258953142192,0.9776144640824174,0.09962991695154971,0.3482275064108613,0.0868864965669238,0.6798338560651013
responses_static,grouped_residual_irt_user_discriminative_rich,fasttext,grouped_residual_irt_kmeans_euclidean_g16_t010_rp100,fixed_global_sequence,loou_user13,user13,1000,15,31276,1000,10997,0.2449319442859118,,1.4356177600000137,0.42432975822268193,0.1008179568503818,0.8598708738746931,0.7228003068089439,0.9085476539648846,0.6360546656142652,0.9779143441049425,0.05681058760996466,0.29492845521059147,0.10530144584886787,0.7282895335091388
responses_static,grouped_residual_irt_user_discriminative_rich,fasttext,grouped_residual_irt_kmeans_euclidean_g16_t010_rp100,fixed_global_sequence,loou_user14,user14,100,15,31276,100,11897,0.0,,0.5093929180000032,0.35529986616783904,0.1038151058375805,0.8529040934689418,0.7965551856887597,0.8950930657789864,0.9770611888514821,0.5975835192451897,0.10459352443124742,0.40813235528221053,0.13616878204589392,0.560477431285198
responses_static,grouped_residual_irt_user_discriminative_rich,fasttext,grouped_residual_irt_kmeans_euclidean_g16_t010_rp100,fixed_global_sequence,loou_user14,user14,200,15,31276,200,11797,0.006985748492140684,,1.0110515369999575,0.3514700933033107,0.10244803304445282,0.854030685767568,0.8005076618249078,0.8980459821028812,0.9779879931153448,0.597218455381354,0.10299688497501308,0.405281245296704,0.1373230482326015,0.5619225226752564
responses_static,grouped_residual_irt_user_discriminative_rich,fasttext,grouped_residual_irt_kmeans_euclidean_g16_t010_rp100,fixed_global_sequence,loou_user14,user14,1000,15,31276,1000,10997,0.1535281414709137,,1.510772581999845,0.30788114355242535,0.08956481919905132,0.8687823951986906,0.7256691103530037,0.9075814763736663,0.9803431952928507,0.6050323625489222,0.04323824518703498,0.3454725533015861,0.0791124852232427,0.6535418750568337
responses_static,grouped_residual_irt_user_discriminative_rich,fasttext,grouped_residual_irt_kmeans_euclidean_g16_t010_rp100,fixed_global_sequence,loou_user15,user15,100,15,31276,100,11897,0.0,,0.4880420749998393,0.41213294713773824,0.12540612431045287,0.8345801462553585,0.8136208117504194,0.9012730754683904,0.8308275774262018,0.9440876666185614,0.07875275036104418,0.4585592738767218,0.21929898293687483,0.5174413717743969
responses_static,grouped_residual_irt_user_discriminative_rich,fasttext,grouped_residual_irt_kmeans_euclidean_g16_t010_rp100,fixed_global_sequence,loou_user15,user15,200,15,31276,200,11797,-0.006610358857042592,,0.9803034019998904,0.4145962826499985,0.1261617464020703,0.8147834195134356,0.8179838592104618,0.9057204297329586,0.8391954798364272,0.9465881695467906,0.08849522080045627,0.4615905152342718,0.16495719250656946,0.4735102144613037
responses_static,grouped_residual_irt_user_discriminative_rich,fasttext,grouped_residual_irt_kmeans_euclidean_g16_t010_rp100,fixed_global_sequence,loou_user15,user15,1000,15,31276,1000,10997,0.05650869612887307,,1.4451832119998471,0.3777392870660416,0.11282706176848267,0.8425025006820042,0.8198017662580462,0.9181272758886614,0.8548367086488119,0.9534047651486475,0.06096898061299546,0.43264668721214544,0.1592252432481586,0.5099572610712012
responses_static,grouped_residual_irt_user_discriminative_rich,fasttext,grouped_residual_irt_kmeans_euclidean_g16_t010_rp100,fixed_global_sequence,loou_user2,user2,100,15,31276,100,11897,0.0,,0.4679698339998595,0.3533631637096675,0.10856065141573067,0.8546692443473144,0.8343488682426934,0.920801501950979,0.9756631150247173,0.7630244422991335,0.10628190607726017,0.4498407327279887,0.1444902076153652,0.48423972430024376
responses_static,grouped_residual_irt_user_discriminative_rich,fasttext,grouped_residual_irt_kmeans_euclidean_g16_t010_rp100,fixed_global_sequence,loou_user2,user2,200,15,31276,200,11797,0.020641524494713775,,0.9358692119999432,0.33998012049108,0.10357751747636719,0.8593710265321692,0.8364445028324721,0.923764434463094,0.9766355824911939,0.7683694679219603,0.09409452442163826,0.4405553342246639,0.15826057472238705,0.5097906247351022
responses_static,grouped_residual_irt_user_discriminative_rich,fasttext,grouped_residual_irt_kmeans_euclidean_g16_t010_rp100,fixed_global_sequence,loou_user2,user2,1000,15,31276,1000,10997,0.15308892313071354,,1.4120262970000113,0.29717510267230807,0.09107187355016425,0.8665999818132218,0.7470114849269531,0.9345006620810292,0.980001871617272,0.7866962285016951,0.0689670142901981,0.3809750993743298,0.1459488951532236,0.5933436391743203
responses_static,grouped_residual_irt_user_discriminative_rich,fasttext,grouped_residual_irt_kmeans_euclidean_g16_t010_rp100,fixed_global_sequence,loou_user3,user3,100,15,31276,100,11897,0.0,,0.4887122980001095,0.458490691170501,0.14943621546904784,0.7806169622593931,0.7906911959734249,0.8952853522372443,0.9112649085038752,0.8756369889683796,0.10861615691463987,0.47759585937469734,0.19256955535008827,0.39615028998907287
responses_static,grouped_residual_irt_user_discriminative_rich,fasttext,grouped_residual_irt_kmeans_euclidean_g16_t010_rp100,fixed_global_sequence,loou_user3,user3,200,15,31276,200,11797,-0.008558836028805007,,0.963224572999934,0.4396789099636621,0.1409186127529817,0.7824870729846571,0.7924143575029142,0.8978938438748794,0.9137731506667269,0.8781743193291613,0.08603074325911841,0.4816835240231216,0.19216750021191828,0.476816139696533
responses_static,grouped_residual_irt_user_discriminative_rich,fasttext,grouped_residual_irt_kmeans_euclidean_g16_t010_rp100,fixed_global_sequence,loou_user3,user3,1000,15,31276,1000,10997,0.018460206413094423,,1.4370504890000575,0.4030938484566596,0.12490401491220089,0.8337728471401291,0.8371324091637403,0.9129853615313197,0.9272791673518599,0.8932481952208489,0.08606535352356487,0.4687793412286012,0.15367827589342548,0.4610348276802764
responses_static,grouped_residual_irt_user_discriminative_rich,fasttext,grouped_residual_irt_kmeans_euclidean_g16_t010_rp100,fixed_global_sequence,loou_user4,user4,100,15,31276,100,11897,0.0,,0.48744610499988994,0.41894420616682193,0.13270450817582952,0.8202067748171809,0.8199049407866832,0.9001404114835116,0.9044757168593893,0.8938301595541878,0.06429806955393216,0.4871825704247727,0.1876103219298983,0.4059847020257208
responses_static,grouped_residual_irt_user_discriminative_rich,fasttext,grouped_residual_irt_kmeans_euclidean_g16_t010_rp100,fixed_global_sequence,loou_user4,user4,200,15,31276,200,11797,0.003516915801229838,,0.984707569999955,0.41430250922406986,0.13075177327943735,0.8245316605916758,0.824378493465215,0.9017573712382038,0.9058127799103062,0.8955862621354758,0.06616340568032993,0.48546919034476205,0.14613884885987963,0.4094261252860897
responses_static,grouped_residual_irt_user_discriminative_rich,fasttext,grouped_residual_irt_kmeans_euclidean_g16_t010_rp100,fixed_global_sequence,loou_user4,user4,1000,15,31276,1000,10997,0.030639899309555088,,1.4697415630000705,0.39218235610929597,0.12130569727001707,0.8427753023551878,0.8421935466564044,0.9158499004301721,0.9187038694676648,0.9083907404279158,0.0831220215359012,0.47225534552158743,0.16631808675093207,0.4449395289624443
responses_static,grouped_residual_irt_user_discriminative_rich,fasttext,grouped_residual_irt_kmeans_euclidean_g16_t010_rp100,fixed_global_sequence,loou_user5,user5,100,15,31276,100,11897,0.0,,0.48864108199995826,0.3791189698704808,0.11570144883982118,0.8376061191897117,0.8175001656114436,0.9034452074320473,0.9733667097321848,0.6807767685767929,0.11964574807680803,0.4452819466153422,0.13314280911154072,0.4893670673278978
responses_static,grouped_residual_irt_user_discriminative_rich,fasttext,grouped_residual_irt_kmeans_euclidean_g16_t010_rp100,fixed_global_sequence,loou_user5,user5,200,15,31276,200,11797,0.05094029160075713,,0.97689807200004,0.3498091039995233,0.10531024135746962,0.8581842841400356,0.7876755727884197,0.90675629845521,0.9743965756273483,0.6850388981263663,0.08065397332078275,0.4225991544102039,0.1414766466050691,0.5585318301263033
responses_static,grouped_residual_irt_user_discriminative_rich,fasttext,grouped_residual_irt_kmeans_euclidean_g16_t010_rp100,fixed_global_sequence,loou_user5,user5,1000,15,31276,1000,10997,0.13343596005902394,,1.4859611159999986,0.3180104737201145,0.09534620125466421,0.8611439483495499,0.7371245135309709,0.9186792377971074,0.9781442796386235,0.7008821062043953,0.05351277652997191,0.385865322571773,0.13030826589069747,0.5817041011184868
responses_static,grouped_residual_irt_user_discriminative_rich,fasttext,grouped_residual_irt_kmeans_euclidean_g16_t010_rp100,fixed_global_sequence,loou_user6,user6,100,15,31276,100,11897,0.0,100.0,0.5191247059999569,0.32784529824478303,0.0693503471697062,0.9272925947717912,0.6044991115679743,0.8668474561951118,0.9902813534095967,0.24737916445973715,0.05896311667681456,0.20348881292429144,0.0,0.8777002605698916
responses_static,grouped_residual_irt_user_discriminative_rich,fasttext,grouped_residual_irt_kmeans_euclidean_g16_t010_rp100,fixed_global_sequence,loou_user6,user6,200,15,31276,200,11797,-0.27049179287070946,100.0,1.0396965899999486,0.3661753226175081,0.07644441559196098,0.8921759769432906,0.6880584421031485,0.8715873687562546,0.9907725920723212,0.2480164792043269,0.0945515316762043,0.2585308667613154,0.05984572348902263,0.8134271424938544
responses_static,grouped_residual_irt_user_discriminative_rich,fasttext,grouped_residual_irt_kmeans_euclidean_g16_t010_rp100,fixed_global_sequence,loou_user6,user6,1000,15,31276,1000,10997,0.05135569100355495,100.0,1.5351046190000943,0.33256974914693316,0.07047425027395744,0.9251614076566336,0.6110672376731935,0.8798461471349642,0.9912562792071438,0.2516086402018124,0.05726147048381104,0.19303850432507133,0.0,0.8676911885059562
responses_static,grouped_residual_irt_user_discriminative_rich,fasttext,grouped_residual_irt_kmeans_euclidean_g16_t010_rp100,fixed_global_sequence,loou_user7,user7,100,15,31276,100,11897,0.0,,0.4663248049998856,0.4074795997539677,0.12846367136102055,0.8310498444986131,0.8328549906643292,0.9076948732201651,0.925830914166159,0.8803753492863811,0.07535907462103923,0.48802108551511464,0.19021602084559133,0.40590064722198876
responses_static,grouped_residual_irt_user_discriminative_rich,fasttext,grouped_residual_irt_kmeans_euclidean_g16_t010_rp100,fixed_global_sequence,loou_user7,user7,200,15,31276,200,11797,0.003614671115484933,,0.9766046130000632,0.403727937578493,0.12685040407975856,0.8354666440620496,0.8371597329313814,0.9106282958666699,0.9284564057119713,0.8835719931932077,0.0782073512290171,0.48625704979355555,0.18174112062388742,0.40934135797236587
responses_static,grouped_residual_irt_user_discriminative_rich,fasttext,grouped_residual_irt_kmeans_euclidean_g16_t010_rp100,fixed_global_sequence,loou_user7,user7,1000,15,31276,1000,10997,0.03387741944429676,,1.6078031090000877,0.3775263432247054,0.11570868468025299,0.8580521960534692,0.858107855345742,0.9260974840654445,0.9424476519021794,0.8987649981852649,0.08743525204836589,0.4714881905034581,0.15076839137946713,0.4391197599345276
responses_static,grouped_residual_irt_user_discriminative_rich,fasttext,grouped_residual_irt_kmeans_euclidean_g16_t010_rp100,fixed_global_sequence,loou_user8,user8,100,15,31276,100,11897,0.0,,0.5299361889999545,0.42498408298198925,0.13382800920898014,0.8095318147432126,0.7788016560945037,0.8899143236981046,0.9316032043127905,0.8126231999491254,0.057043438043162614,0.4617838436988032,0.19273766495755232,0.4310330335378667
responses_static,grouped_residual_irt_user_discriminative_rich,fasttext,grouped_residual_irt_kmeans_euclidean_g16_t010_rp100,fixed_global_sequence,loou_user8,user8,200,15,31276,200,11797,-0.020910381459610165,,1.0633216649998758,0.4208162675611148,0.13116525244166452,0.8172416716114266,0.7928350228107125,0.8911281206891081,0.9319351524056354,0.8138783400227302,0.05869119228026985,0.4714399200224302,0.1895397134864796,0.4879206577943545
responses_static,grouped_residual_irt_user_discriminative_rich,fasttext,grouped_residual_irt_kmeans_euclidean_g16_t010_rp100,fixed_global_sequence,loou_user8,user8,1000,15,31276,1000,10997,0.001020965226619362,,1.638876449999998,0.39919004496202753,0.12142414059993317,0.8453214513049013,0.8362348107942698,0.9066773698485575,0.942578720842866,0.832005635690662,0.0713584825050943,0.4613123784521721,0.16095298717832135,0.48440483768300446
responses_static,grouped_residual_irt_user_discriminative_rich,fasttext,grouped_residual_irt_kmeans_euclidean_g16_t010_rp100,fixed_global_sequence,loou_user9,user9,100,15,31276,100,11897,0.0,,0.5073332889999165,0.5487846473951168,0.17079176803022614,0.7548961923173909,0.7440345154908816,0.8157081298570139,0.8874194904695237,0.667667423202033,0.07025187010625951,0.47478224600098595,0.17668319744473396,0.43036059510801045
responses_static,grouped_residual_irt_user_discriminative_rich,fasttext,grouped_residual_irt_kmeans_euclidean_g16_t010_rp100,fixed_global_sequence,loou_user9,user9,200,15,31276,200,11797,0.02118100515791635,,1.0107904249998683,0.535416949873327,0.16614173908089833,0.7576502500635754,0.7276235909231762,0.8175142071061432,0.8897698766565896,0.668204437206328,0.03671340384129028,0.46472588079955196,0.1819954225650589,0.4930066966177842
responses_static,grouped_residual_irt_user_discriminative_rich,fasttext,grouped_residual_irt_kmeans_euclidean_g16_t010_rp100,fixed_global_sequence,loou_user9,user9,1000,15,31276,1000,10997,0.04016869087892627,,1.5087715820000085,0.5259014116720461,0.16016912626872662,0.7783941074838593,0.7712261343010048,0.8301119693365808,0.8974029275831024,0.680299014989113,0.056156449288251434,0.45571086472657,0.14849504410293715,0.47285623351823225
responses_static,grouped_residual_irt_user_discriminative_rich,fasttext,grouped_residual_irt_kmeans_euclidean_g16_t025_rp100,fixed_global_sequence,loou_user0,user0,100,15,31276,100,11897,0.0,,0.47199912599990057,0.6290793318349845,0.16024794672409182,0.7838950996049424,0.7275805261324138,0.8230032728958682,0.5730560712897825,0.9347221549810677,0.1276179202825612,0.4112339568362947,0.06875682945280323,0.5166848785408086
responses_static,grouped_residual_irt_user_discriminative_rich,fasttext,grouped_residual_irt_kmeans_euclidean_g16_t025_rp100,fixed_global_sequence,loou_user0,user0,200,15,31276,200,11797,-0.037719483995762124,,0.9442193830000178,0.6600207258155355,0.16927511103755433,0.7605323387301857,0.7447836923809412,0.8261485505259921,0.5776724997272501,0.9361574297161168,0.15927857175688243,0.42674548948969526,0.1373230482326015,0.5532762566754259
responses_static,grouped_residual_irt_user_discriminative_rich,fasttext,grouped_residual_irt_kmeans_euclidean_g16_t025_rp100,fixed_global_sequence,loou_user0,user0,1000,15,31276,1000,10997,0.01798899682919241,,1.4126306620000832,0.6356917264833813,0.15867879606302204,0.7756660907520233,0.7504942966022135,0.8389745508593046,0.5904897128167121,0.9412410629971786,0.13879070862302445,0.40383627049071036,0.14140220060016367,0.5326907338365009
responses_static,grouped_residual_irt_user_discriminative_rich,fasttext,grouped_residual_irt_kmeans_euclidean_g16_t025_rp100,fixed_global_sequence,loou_user1,user1,100,15,31276,100,11897,0.0,,0.464334597999823,0.43700685948144025,0.1389472721957394,0.8079347734723039,0.8096309804520292,0.9015547337529051,0.9009116234150492,0.8971066085674633,0.09308841043420478,0.4848161702400123,0.17844834832310666,0.41976968983777424
responses_static,grouped_residual_irt_user_discriminative_rich,fasttext,grouped_residual_irt_kmeans_euclidean_g16_t025_rp100,fixed_global_sequence,loou_user1,user1,200,15,31276,200,11797,-0.0006889842052313226,,0.9303495740000471,0.4256973397870379,0.13392597976163964,0.811138425023311,0.8127828563016091,0.9038618665798692,0.9029583803672716,0.8994811279418079,0.07983473530076335,0.4851502009237484,0.17673984911418159,0.409765194540985
responses_static,grouped_residual_irt_user_discriminative_rich,fasttext,grouped_residual_irt_kmeans_euclidean_g16_t025_rp100,fixed_global_sequence,loou_user1,user1,1000,15,31276,1000,10997,0.025592978735801804,,1.4033366230000865,0.3966380812720326,0.12123780404196594,0.8436846412657998,0.8441720134034012,0.9178200438501108,0.9141913210173376,0.9144898738972629,0.08116600662619157,0.4724082803042868,0.14413021733199963,0.4395744293898336
responses_static,grouped_residual_irt_user_discriminative_rich,fasttext,grouped_residual_irt_kmeans_euclidean_g16_t025_rp100,fixed_global_sequence,loou_user10,user10,100,15,31276,100,11897,0.0,,0.4726984710000579,0.4640678958012199,0.14885124698570856,0.7908716483147011,0.7967348288929413,0.876838784873228,0.9107965259250408,0.8249488162981335,0.06796817594039027,0.48478052592363713,0.18248297890224427,0.4121207026981592
responses_static,grouped_residual_irt_user_discriminative_rich,fasttext,grouped_residual_irt_kmeans_euclidean_g16_t025_rp100,fixed_global_sequence,loou_user10,user10,200,15,31276,200,11797,0.004863725590888545,,0.9535084550002466,0.46831943608879134,0.15063879142069023,0.7836738153767907,0.793723291537047,0.8776229375322331,0.9111507919530577,0.8256942723925814,0.0824662972832573,0.4824226864737379,0.17216241417309486,0.4156141391879291
responses_static,grouped_residual_irt_user_discriminative_rich,fasttext,grouped_residual_irt_kmeans_euclidean_g16_t025_rp100,fixed_global_sequence,loou_user10,user10,1000,15,31276,1000,10997,0.03471238026481509,,1.4473064320000049,0.4335948863433553,0.13552227259821506,0.821769573520051,0.8243090212694908,0.8925235839824637,0.9228499081018267,0.841253188198184,0.0679277203722596,0.4679526399627988,0.14176593616440847,0.450759297990361
responses_static,grouped_residual_irt_user_discriminative_rich,fasttext,grouped_residual_irt_kmeans_euclidean_g16_t025_rp100,fixed_global_sequence,loou_user11,user11,100,15,31276,100,11897,0.0,,0.4873685059997115,0.4335433329310632,0.1317252570768018,0.8160040346305791,0.8174155074267451,0.8991151826677369,0.8498808560495009,0.927363231078099,0.07531127752443814,0.47631873284024184,0.20853996805917457,0.40665714045557705
responses_static,grouped_residual_irt_user_discriminative_rich,fasttext,grouped_residual_irt_kmeans_euclidean_g16_t025_rp100,fixed_global_sequence,loou_user11,user11,200,15,31276,200,11797,0.0003125790732947585,,0.9553465019998839,0.43316575243351446,0.1313608317370515,0.8124947020428923,0.8182012719243229,0.9017777695509963,0.8554881064814729,0.9290585396121697,0.07863460159185005,0.4761698455721377,0.20810375519199797,0.39755870136475374
responses_static,grouped_residual_irt_user_discriminative_rich,fasttext,grouped_residual_irt_kmeans_euclidean_g16_t025_rp100,fixed_global_sequence,loou_user11,user11,1000,15,31276,1000,10997,0.04528955811208542,,1.432761772000049,0.40548603392318944,0.1208193374421343,0.830953896517232,0.8234512926951528,0.9127513750884511,0.8679796786413572,0.9363927996461805,0.06827942281986232,0.4547464679093988,0.17968536873692825,0.5050468309538965
responses_static,grouped_residual_irt_user_discriminative_rich,fasttext,grouped_residual_irt_kmeans_euclidean_g16_t025_rp100,fixed_global_sequence,loou_user12,user12,100,15,31276,100,11897,0.0,,0.4690907519998291,0.5514217238058968,0.17259953372964992,0.7453979994956712,0.7584224470408101,0.8461623701727818,0.7930209331729239,0.8769929175629922,0.11414307134389466,0.4797467216313596,0.14213667311086828,0.424224594435572
responses_static,grouped_residual_irt_user_discriminative_rich,fasttext,grouped_residual_irt_kmeans_euclidean_g16_t025_rp100,fixed_global_sequence,loou_user12,user12,200,15,31276,200,11797,0.0037733395848166466,,0.942719883999871,0.5414616280557996,0.16853853042421033,0.7481563109265067,0.7618843255097945,0.8496270643615892,0.8010297752843483,0.8786997871382085,0.10509490822257359,0.477936474335942,0.1807239128592015,0.4306179537170467
responses_static,grouped_residual_irt_user_discriminative_rich,fasttext,grouped_residual_irt_kmeans_euclidean_g16_t025_rp100,fixed_global_sequence,loou_user12,user12,1000,15,31276,1000,10997,0.032188162426868894,,1.4151622419999512,0.5033849123781137,0.15217397376952538,0.7878512321542239,0.7965928593502859,0.865956332596518,0.8171597439478017,0.8907484568551884,0.08028333952655879,0.46430455623173156,0.16595435118668728,0.461762298808766
responses_static,grouped_residual_irt_user_discriminative_rich,fasttext,grouped_residual_irt_kmeans_euclidean_g16_t025_rp100,fixed_global_sequence,loou_user13,user13,100,15,31276,100,11897,0.0,,0.4871519459998126,0.5013317051131911,0.11951904384618205,0.8366815163486593,0.834307972529285,0.9041383949461864,0.6305781246012756,0.9771952228654237,0.14996321095275952,0.39068062755724875,0.15382029082962093,0.5596368832478776
responses_static,grouped_residual_irt_user_discriminative_rich,fasttext,grouped_residual_irt_kmeans_euclidean_g16_t025_rp100,fixed_global_sequence,loou_user13,user13,200,15,31276,200,11797,0.10847654645847885,,0.9656094209999537,0.4497076095751929,0.10499626958801835,0.8675086886496567,0.7945217284882358,0.9066733007263956,0.6392351176445824,0.9777872966683878,0.09969314635382466,0.3483009423116072,0.0868864965669238,0.6798338560651013
responses_static,grouped_residual_irt_user_discriminative_rich,fasttext,grouped_residual_irt_kmeans_euclidean_g16_t025_rp100,fixed_global_sequence,loou_user13,user13,1000,15,31276,1000,10997,0.2446142678460605,,1.439622942999904,0.4244340314428261,0.1008462197766366,0.8585977993998363,0.7231252650143276,0.9084196908683828,0.6361180287557571,0.9779035255306241,0.0578356469110102,0.2951145718856929,0.10530144584886787,0.7282895335091388
responses_static,grouped_residual_irt_user_discriminative_rich,fasttext,grouped_residual_irt_kmeans_euclidean_g16_t025_rp100,fixed_global_sequence,loou_user14,user14,100,15,31276,100,11897,0.0,,0.4748014830001921,0.3554104228725835,0.103856535945759,0.8529040934689418,0.7965551856887597,0.8957861753168612,0.9771858269361205,0.6042427744618966,0.10475020654404131,0.40820409727191603,0.13616878204589392,0.560477431285198
responses_static,grouped_residual_irt_user_discriminative_rich,fasttext,grouped_residual_irt_kmeans_euclidean_g16_t025_rp100,fixed_global_sequence,loou_user14,user14,200,15,31276,200,11797,0.007052916103800157,,0.9735350670002845,0.3516275972627616,0.10250554843633577,0.853522081885225,0.800204447755775,0.8999606018223012,0.9785037613731387,0.60560282639517,0.10335575553695953,0.40532506802062973,0.1373230482326015,0.5619225226752564
responses_static,grouped_residual_irt_user_discriminative_rich,fasttext,grouped_residual_irt_kmeans_euclidean_g16_t025_rp100,fixed_global_sequence,loou_user14,user14,1000,15,31276,1000,10997,0.15329997425932967,,1.4712118200000077,0.30757438145808946,0.08940046561829504,0.8695098663271802,0.7247605308364182,0.9089153419951127,0.980692732326925,0.6102234681886268,0.044354355629829346,0.3456264196675784,0.07847594798581431,0.6539965445121396
responses_static,grouped_residual_irt_user_discriminative_rich,fasttext,grouped_residual_irt_kmeans_euclidean_g16_t025_rp100,fixed_global_sequence,loou_user15,user15,100,15,31276,100,11897,0.0,,0.48390519499980655,0.4125269282358242,0.12555229274381163,0.8345801462553585,0.8129972683373633,0.902192226997593,0.8337625130299477,0.9446444797008209,0.08089084018998485,0.45878346967733,0.21929898293687483,0.5174413717743969
responses_static,grouped_residual_irt_user_discriminative_rich,fasttext,grouped_residual_irt_kmeans_euclidean_g16_t025_rp100,fixed_global_sequence,loou_user15,user15,200,15,31276,200,11797,-0.006605288013330406,,0.9790551800001595,0.4154582710342095,0.1264951451747997,0.8147834195134356,0.8179838592104618,0.9049399356974582,0.8369366692958988,0.9462675802827429,0.08895408518487179,0.4618138666303038,0.1572433669577011,0.46554208697126387
responses_static,grouped_residual_irt_user_discriminative_rich,fasttext,grouped_residual_irt_kmeans_euclidean_g16_t025_rp100,fixed_global_sequence,loou_user15,user15,1000,15,31276,1000,10997,0.053692490320845165,,1.4750330219999341,0.3802655173841765,0.1137511009173076,0.8406838228607802,0.8194956109978235,0.9165796734338997,0.8520253447858102,0.9525229218211596,0.059992805317186926,0.4341502426723162,0.15522415204146586,0.5081385832499773
responses_static,grouped_residual_irt_user_discriminative_rich,fasttext,grouped_residual_irt_kmeans_euclidean_g16_t025_rp100,fixed_global_sequence,loou_user2,user2,100,15,31276,100,11897,0.0,,0.4883528630002729,0.353952743841369,0.10880608754602893,0.8546692443473144,0.8343488682426934,0.9217360190141654,0.9760249302786765,0.765741657081299,0.1069336331866551,0.4500011537867133,0.13751365890560646,0.48423972430024376
responses_static,grouped_residual_irt_user_discriminative_rich,fasttext,grouped_residual_irt_kmeans_euclidean_g16_t025_rp100,fixed_global_sequence,loou_user2,user2,200,15,31276,200,11797,0.020571440722743202,,0.9682318280001709,0.3406779911311924,0.10386548774109804,0.8557260320420446,0.8379991609914567,0.924208316808552,0.9768709258038236,0.7696286400747948,0.09533156547413361,0.4407439817264239,0.1435958294481648,0.4992794778333475
responses_static,grouped_residual_irt_user_discriminative_rich,fasttext,grouped_residual_irt_kmeans_euclidean_g16_t025_rp100,fixed_global_sequence,loou_user2,user2,1000,15,31276,1000,10997,0.1523371497339873,,1.4667878459999883,0.29740331230497874,0.0911249132724638,0.8640538328635082,0.7389603387851806,0.93463670023708,0.9801897940916345,0.787259479644146,0.06715034685971012,0.3814492606418397,0.14249340729289806,0.5928889697190143
responses_static,grouped_residual_irt_user_discriminative_rich,fasttext,grouped_residual_irt_kmeans_euclidean_g16_t025_rp100,fixed_global_sequence,loou_user3,user3,100,15,31276,100,11897,0.0,,0.48419697899998937,0.4584001762664794,0.1493976367176899,0.7806169622593931,0.7906911959734249,0.8968331968706699,0.9133469238161015,0.8769655403473016,0.1085348790710301,0.4775887143141596,0.19979826847104312,0.39615028998907287
responses_static,grouped_residual_irt_user_discriminative_rich,fasttext,grouped_residual_irt_kmeans_euclidean_g16_t025_rp100,fixed_global_sequence,loou_user3,user3,200,15,31276,200,11797,-0.008616292861324641,,0.9796990820000246,0.4397316031639503,0.14094211504923956,0.7825718402983809,0.7924907050368889,0.8987507169219654,0.9149777774495278,0.879030058549574,0.08631200479259653,0.4817037585439539,0.19216750021191828,0.47851148597100956
responses_static,grouped_residual_irt_user_discriminative_rich,fasttext,grouped_residual_irt_kmeans_euclidean_g16_t025_rp100,fixed_global_sequence,loou_user3,user3,1000,15,31276,1000,10997,0.018131222458873743,,1.4550222370003212,0.40392955612216747,0.1252613147934944,0.8330453760116395,0.8362983808067761,0.9126712054702361,0.9270433880467046,0.8929834938875987,0.08565785738201434,0.4689294470910821,0.15567882149677184,0.46067109211603163
responses_static,grouped_residual_irt_user_discriminative_rich,fasttext,grouped_residual_irt_kmeans_euclidean_g16_t025_rp100,fixed_global_sequence,loou_user4,user4,100,15,31276,100,11897,0.0,,0.47168193799961955,0.4189371756937771,0.13269839239705863,0.8209632680507691,0.8208657990004893,0.9005037815423277,0.9046964756483834,0.8942317457266535,0.06512785415838314,0.4872614751705248,0.1876103219298983,0.4059847020257208
responses_static,grouped_residual_irt_user_discriminative_rich,fasttext,grouped_residual_irt_kmeans_euclidean_g16_t025_rp100,fixed_global_sequence,loou_user4,user4,200,15,31276,200,11797,0.0035548231534616274,,0.9872996729995975,0.41435756175084226,0.13077175344779068,0.8245316605916758,0.824378493465215,0.9010117324872812,0.9048456460024212,0.8948281887099048,0.06620427497667243,0.48552934679679877,0.13808595405611596,0.4094261252860897
responses_static,grouped_residual_irt_user_discriminative_rich,fasttext,grouped_residual_irt_kmeans_euclidean_g16_t025_rp100,fixed_global_sequence,loou_user4,user4,1000,15,31276,1000,10997,0.031137771770146882,,1.4713008519997857,0.39221590232065184,0.12132768853701324,0.8430481040283714,0.8424504278704112,0.9155712771266926,0.9182849873097779,0.9082422683048054,0.08296881845267759,0.4720892385642799,0.1705010457397472,0.4392106938255888
responses_static,grouped_residual_irt_user_discriminative_rich,fasttext,grouped_residual_irt_kmeans_euclidean_g16_t025_rp100,fixed_global_sequence,loou_user5,user5,100,15,31276,100,11897,0.0,,0.47050905300011436,0.3791276231960943,0.11571451818244638,0.8376061191897117,0.8175001656114436,0.9039138572294769,0.9735390010693142,0.683977420598221,0.11965064132503668,0.4451833836359069,0.13314280911154072,0.4893670673278978
responses_static,grouped_residual_irt_user_discriminative_rich,fasttext,grouped_residual_irt_kmeans_euclidean_g16_t025_rp100,fixed_global_sequence,loou_user5,user5,200,15,31276,200,11797,0.051144893196381117,,0.9422768409999662,0.34982127864337326,0.10532729820027928,0.8581842841400356,0.7876755727884197,0.9076060671073276,0.9746379548293826,0.6892229917682594,0.08073077438503712,0.4224145270270449,0.1414766466050691,0.5585318301263033
responses_static,grouped_residual_irt_user_discriminative_rich,fasttext,grouped_residual_irt_kmeans_euclidean_g16_t025_rp100,fixed_global_sequence,loou_user5,user5,1000,15,31276,1000,10997,0.13397713436107622,,1.4318710950001332,0.3178887882250183,0.09530534049240198,0.8616895516959171,0.7363034942543695,0.9195924843703164,0.9783848976107752,0.7049707825366041,0.05348664828888267,0.3855389896312005,0.1162135127762117,0.5775211421296718
responses_static,grouped_residual_irt_user_discriminative_rich,fasttext,grouped_residual_irt_kmeans_euclidean_g16_t025_rp100,fixed_global_sequence,loou_user6,user6,100,15,31276,100,11897,0.0,100.0,0.525785304999772,0.3277932686104698,0.06934539140822561,0.9272925947717912,0.6044991115679743,0.8667546232625769,0.9902460202163204,0.24203695225765423,0.05892492419599756,0.20342279587484927,0.0,0.8777002605698916
responses_static,grouped_residual_irt_user_discriminative_rich,fasttext,grouped_residual_irt_kmeans_euclidean_g16_t025_rp100,fixed_global_sequence,loou_user6,user6,200,15,31276,200,11797,-0.2705088488715938,100.0,1.0149675640000169,0.3661598079786003,0.07644484200675969,0.8921759769432906,0.6880584421031485,0.8728610027820923,0.9908308816421559,0.24871396969521425,0.09452691079833539,0.25845046222119594,0.05984572348902263,0.8134271424938544
responses_static,grouped_residual_irt_user_discriminative_rich,fasttext,grouped_residual_irt_kmeans_euclidean_g16_t025_rp100,fixed_global_sequence,loou_user6,user6,1000,15,31276,1000,10997,0.050590647495624044,100.0,1.5133539619996554,0.33266457582139025,0.0704871059573538,0.9251614076566336,0.6110672376731935,0.8801561693825578,0.9913048574691743,0.25355644917432635,0.05732670189188833,0.19313150491617048,0.0,0.8676911885059562
responses_static,grouped_residual_irt_user_discriminative_rich,fasttext,grouped_residual_irt_kmeans_euclidean_g16_t025_rp100,fixed_global_sequence,loou_user7,user7,100,15,31276,100,11897,0.0,,0.46888169200019547,0.4074752013949813,0.12845195664924405,0.8310498444986131,0.8328549906643292,0.9075887458844656,0.9256595505724693,0.8802638338857798,0.0754420035054534,0.4881523285008442,0.19021602084559133,0.40590064722198876
responses_static,grouped_residual_irt_user_discriminative_rich,fasttext,grouped_residual_irt_kmeans_euclidean_g16_t025_rp100,fixed_global_sequence,loou_user7,user7,200,15,31276,200,11797,0.0030906744663647214,,0.9412087119999342,0.403963507180107,0.12692543906785494,0.8354666440620496,0.8371597329313814,0.9100573888166711,0.9278063076106936,0.8828872119337933,0.07843749673768832,0.4866436085634502,0.18487751123166907,0.40934135797236587
responses_static,grouped_residual_irt_user_discriminative_rich,fasttext,grouped_residual_irt_kmeans_euclidean_g16_t025_rp100,fixed_global_sequence,loou_user7,user7,1000,15,31276,1000,10997,0.03297975622204478,,1.495034607999969,0.37828106564087854,0.11599036337161557,0.8572337910339184,0.8577237456263791,0.9253419126927425,0.941688391233356,0.8977986939883292,0.0870321308525581,0.47205318370766286,0.14985905246885514,0.4391197599345276
responses_static,grouped_residual_irt_user_discriminative_rich,fasttext,grouped_residual_irt_kmeans_euclidean_g16_t025_rp100,fixed_global_sequence,loou_user8,user8,100,15,31276,100,11897,0.0,,0.516284510999867,0.42468465198721794,0.13371027860845935,0.8124737328738337,0.7838057507501803,0.8895998176776694,0.9314541468802533,0.8121248710534654,0.05850188998379104,0.4616102860890754,0.1974447339665462,0.4256535260990166
responses_static,grouped_residual_irt_user_discriminative_rich,fasttext,grouped_residual_irt_kmeans_euclidean_g16_t025_rp100,fixed_global_sequence,loou_user8,user8,200,15,31276,200,11797,-0.021466914514631952,,1.021769919000235,0.42080480124933745,0.1311624235575746,0.816563533101636,0.7897784819697985,0.891268122716617,0.9319648735992969,0.8149486785525054,0.058575825959344845,0.4715196346396244,0.1895397134864796,0.4882597270492498
responses_static,grouped_residual_irt_user_discriminative_rich,fasttext,grouped_residual_irt_kmeans_euclidean_g16_t025_rp100,fixed_global_sequence,loou_user8,user8,1000,15,31276,1000,10997,-2.1420453873730227e-05,,1.5246259509999618,0.39966214559410945,0.12159667608608567,0.8445030462853506,0.838817033860163,0.9065923592722838,0.9422926263391372,0.8328434298521189,0.07111144664482484,0.4616201739909162,0.1633172683459125,0.47276529962717107
responses_static,grouped_residual_irt_user_discriminative_rich,fasttext,grouped_residual_irt_kmeans_euclidean_g16_t025_rp100,fixed_global_sequence,loou_user9,user9,100,15,31276,100,11897,0.0,,0.4748887260002448,0.5488796755619043,0.1708563867370006,0.7553164663360511,0.7424302217542851,0.8156165445715676,0.8875646243604313,0.6672994760076396,0.07043703062662134,0.47512903313509763,0.17668319744473396,0.43036059510801045
responses_static,grouped_residual_irt_user_discriminative_rich,fasttext,grouped_residual_irt_kmeans_euclidean_g16_t025_rp100,fixed_global_sequence,loou_user9,user9,200,15,31276,200,11797,0.021353117785133435,,0.9442468709999048,0.5355925386826841,0.16622037357392197,0.7580740866321947,0.726229208168407,0.8172395707760696,0.8895831131424915,0.6678984464754659,0.03677162735509757,0.4649835469274273,0.1819954225650589,0.5007205221666525
responses_static,grouped_residual_irt_user_discriminative_rich,fasttext,grouped_residual_irt_kmeans_euclidean_g16_t025_rp100,fixed_global_sequence,loou_user9,user9,1000,15,31276,1000,10997,0.04012535904060049,,1.4236463370002639,0.5257943818931325,0.16015195077099673,0.7783941074838593,0.7712261343010048,0.830003559983155,0.8975864419767416,0.6806598596557346,0.05645090844484774,0.4560643100899385,0.1530417386559971,0.46767300172774395
