estimator,q,balanced_accuracy,accuracy,nll,brier,auroc,runtime_seconds,strategy_family
l2_grouped_kmeans_fasttext_g12_t025_rp100,100,0.6597902564288874,0.5852525846852148,4.170404825474043,0.3735445933416486,0.7233178123818912,0.4059472310002547,kmeans_fasttext
l2_grouped_kmeans_fasttext_g16_t025_rp100,100,0.6593743529346304,0.5849899134235521,4.170527070231194,0.3735965536907315,0.7232285601606352,0.4098020321250715,kmeans_fasttext
l2_grouped_kmeans_fasttext_g12_t010_rp100,100,0.6591263617962593,0.5851054887786837,4.170611773480101,0.3736108420416713,0.7231933797990511,0.4020764004994817,kmeans_fasttext
l2_grouped_kmeans_fasttext_g16_t010_rp100,100,0.6590381093147873,0.5849688997226191,4.17060673942708,0.3736165715381503,0.7231839624496342,0.4059035312500327,kmeans_fasttext
l2_grouped_kmeans_fasttext_g8_t025_rp100,100,0.6589593459512545,0.5845591325544255,4.171136468484933,0.3738267682492733,0.7227707158025777,0.400969900499831,kmeans_fasttext
l2_grouped_wordnet_supersense_all_synsets_g12_t010_rp100,100,0.6586284601046435,0.5851054887786837,4.171236775373236,0.3738176105543971,0.7228292707712695,0.403728409624982,wordnet_supersense
l2_grouped_kmeans_fasttext_g8_t010_rp100,100,0.6585743857380558,0.5847692695637555,4.171329459404969,0.3738808408379555,0.722667270077939,0.3895984683745155,kmeans_fasttext
l2_grouped_wordnet_supersense_all_synsets_g16_t010_rp100,100,0.6584532778923976,0.5848112969656216,4.171361245498238,0.373865608125925,0.7227682095660417,0.4097392674999938,wordnet_supersense
l2_grouped_wordnet_supersense_all_synsets_g8_t010_rp100,100,0.6583767264879952,0.5850109271244852,4.171179887087628,0.3737973617389798,0.7228032283598047,0.3903260287500032,wordnet_supersense
l2_grouped_wordnet_supersense_first_synset_g8_t010_rp100,100,0.6579045140305122,0.58469572161049,4.171713229131136,0.374029784463346,0.7224674075525799,0.4043628079999948,wordnet_supersense
l2_grouped_wordnet_supersense_first_synset_g16_t010_rp100,100,0.6578326528023142,0.584611666806758,4.171690064930668,0.3740284545347094,0.7225012631032605,0.4112517224999976,wordnet_supersense
l2_grouped_wordnet_supersense_first_synset_g12_t010_rp100,100,0.6575572950426727,0.5843489955450955,4.171847677646771,0.3740890771150589,0.7223890998106455,0.4043300284999986,wordnet_supersense
