dataset_name,data_mode,evaluation_protocol,embedding_backend,estimator,query_policy,split_id,user_id,q,n_train_users,n_words,n_observed_labels,n_eval_labels,normalized_uncertainty_reduction,queries_to_confidence_80,runtime_seconds,nll,brier,accuracy,balanced_accuracy,auroc,average_precision_known,average_precision_unknown,expected_calibration_error,mean_predictive_entropy,uncertain_fraction_0_4_0_6,confident_fraction_0_2_0_8
responses_static,l2_grouped_residual_strategies,loou_user_generalization,fasttext,l2_grouped_wordnet_supersense_all_synsets_g8_t010_rp100,fixed_global_sequence,loou_user0,user0,100,7,31276,100,11897,0.0,100.0,0.39232019399997853,10.562016887402503,0.7652334570884705,0.23476506682356896,0.5,0.5,0.23476506682356896,0.765234933176431,0.7652339198974698,1.499887730460614e-05,0.0,1.0
responses_static,l2_grouped_residual_strategies,loou_user_generalization,fasttext,l2_grouped_wordnet_supersense_all_synsets_g8_t010_rp100,fixed_global_sequence,loou_user0,user0,200,7,31276,200,11797,0.0,100.0,0.7826605550000068,10.55794942527858,0.7649387717247009,0.2350597609561753,0.5,0.5,0.2350597609561753,0.7649402390438247,0.7649392257648635,1.499887730460614e-05,0.0,1.0
responses_static,l2_grouped_residual_strategies,loou_user_generalization,fasttext,l2_grouped_wordnet_supersense_all_synsets_g8_t010_rp100,fixed_global_sequence,loou_user0,user0,1000,7,31276,1000,10997,0.0,100.0,1.1680564960000197,10.522746663151942,0.7623881697654724,0.2376102573429117,0.5,0.5,0.2376102573429117,0.7623897426570883,0.7623886697734823,1.499887730460614e-05,0.0,1.0
responses_static,l2_grouped_residual_strategies,loou_user_generalization,fasttext,l2_grouped_wordnet_supersense_all_synsets_g8_t010_rp100,fixed_global_sequence,loou_user1,user1,100,7,31276,100,11897,0.0,,0.38387073600000576,0.4697071449871487,0.15257954597473145,0.7765823316802555,0.7764848248378154,0.8626009898596638,0.8629049641111786,0.8551219570125855,0.040067508825486646,0.5230685472488403,0.1946709254433891,0.3725308901403715
responses_static,l2_grouped_residual_strategies,loou_user_generalization,fasttext,l2_grouped_wordnet_supersense_all_synsets_g8_t010_rp100,fixed_global_sequence,loou_user1,user1,200,7,31276,200,11797,0.010495537986201339,,0.7812497360000066,0.4845232713507359,0.159399151802063,0.7678223277104349,0.7700844415845527,0.8643841974756451,0.8640016526647861,0.8577007354148546,0.08597130894994418,0.517578661441803,0.19750784097651947,0.3872170890904467
responses_static,l2_grouped_residual_strategies,loou_user_generalization,fasttext,l2_grouped_wordnet_supersense_all_synsets_g8_t010_rp100,fixed_global_sequence,loou_user1,user1,1000,7,31276,1000,10997,0.04086439794549317,,1.1650455160000206,0.5113011570519723,0.1714470535516739,0.743930162771665,0.753536553558689,0.8771859668227131,0.8724745347415379,0.8743763547892678,0.14914197220651734,0.5016936659812927,0.19205237792125124,0.41274893152678005
responses_static,l2_grouped_residual_strategies,loou_user_generalization,fasttext,l2_grouped_wordnet_supersense_all_synsets_g8_t010_rp100,fixed_global_sequence,loou_user10,user10,100,7,31276,100,11897,0.0,,0.3951558599999885,0.5060100382839867,0.1663796305656433,0.7593510969151887,0.7658163156652542,0.840666716416238,0.8832184867724016,0.7592571897847523,0.08030898125169456,0.5235263705253601,0.1964360763217618,0.3749684794486005
responses_static,l2_grouped_residual_strategies,loou_user_generalization,fasttext,l2_grouped_wordnet_supersense_all_synsets_g8_t010_rp100,fixed_global_sequence,loou_user10,user10,200,7,31276,200,11797,0.02797280981041896,,0.7936080839999704,0.48637409712102164,0.15949133038520813,0.7660422141222345,0.74760936044455,0.8424067718210778,0.8842702506741753,0.7621987520406545,0.03171781587749252,0.5088818669319153,0.19182843095702298,0.40171229973722133
responses_static,l2_grouped_residual_strategies,loou_user_generalization,fasttext,l2_grouped_wordnet_supersense_all_synsets_g8_t010_rp100,fixed_global_sequence,loou_user10,user10,1000,7,31276,1000,10997,0.11582415067659534,,1.1903674049999609,0.5303179281103602,0.17958827316761017,0.7215604255706102,0.6832709089701285,0.8497337742975437,0.8872393908631909,0.7773657217483054,0.12756570849479237,0.4628893733024597,0.16850050013640083,0.47903973811039374
responses_static,l2_grouped_residual_strategies,loou_user_generalization,fasttext,l2_grouped_wordnet_supersense_all_synsets_g8_t010_rp100,fixed_global_sequence,loou_user11,user11,100,7,31276,100,11897,0.0,,0.3828944400000296,0.4818808074074437,0.1564994603395462,0.7743969067832227,0.7738684043763768,0.8524795596376157,0.8001326836292085,0.8832362830735676,0.06936812828801965,0.5205764174461365,0.19483903505085315,0.3775741783642935
responses_static,l2_grouped_residual_strategies,loou_user_generalization,fasttext,l2_grouped_wordnet_supersense_all_synsets_g8_t010_rp100,fixed_global_sequence,loou_user11,user11,200,7,31276,200,11797,-0.0020535108165118526,,0.7687223080000081,0.4862781678951834,0.1583288311958313,0.7707891836907689,0.7739722680092687,0.852944546525126,0.7996866237091314,0.8837374955003194,0.08147027824196237,0.5216454267501831,0.19394761380011868,0.3763668729337967
responses_static,l2_grouped_residual_strategies,loou_user_generalization,fasttext,l2_grouped_wordnet_supersense_all_synsets_g8_t010_rp100,fixed_global_sequence,loou_user11,user11,1000,7,31276,1000,10997,0.02140036499480239,,1.1526295290000235,0.4486003340969568,0.14235582947731018,0.8051286714558515,0.8006642159714921,0.8744717526342505,0.8255175705374798,0.9011850373406168,0.06939170429020823,0.5094358921051025,0.18168591434027462,0.40738383195416933
responses_static,l2_grouped_residual_strategies,loou_user_generalization,fasttext,l2_grouped_wordnet_supersense_all_synsets_g8_t010_rp100,fixed_global_sequence,loou_user12,user12,100,7,31276,100,11897,0.0,,0.3950002830000017,0.5244610049719916,0.17396768927574158,0.7418676977389258,0.7430443248425926,0.818821345864849,0.7715552168921234,0.847752800508736,0.07368998655483705,0.5223647952079773,0.19458687063965704,0.371186013280659
responses_static,l2_grouped_residual_strategies,loou_user_generalization,fasttext,l2_grouped_wordnet_supersense_all_synsets_g8_t010_rp100,fixed_global_sequence,loou_user12,user12,200,7,31276,200,11797,0.004414852096007829,,0.7912517519999938,0.5164433077669572,0.1704019159078598,0.7487496821225735,0.7466647836131599,0.8213784291011602,0.7738945159263365,0.849747467568845,0.06250473840505255,0.5200586318969727,0.19335424260405187,0.3788251250317877
responses_static,l2_grouped_residual_strategies,loou_user_generalization,fasttext,l2_grouped_wordnet_supersense_all_synsets_g8_t010_rp100,fixed_global_sequence,loou_user12,user12,1000,7,31276,1000,10997,0.04475356485243262,,1.2133602759999462,0.47567365756367097,0.15279802680015564,0.7849413476402656,0.7733379979033479,0.848295697329173,0.8036885707915855,0.8725026760722655,0.04122087287612315,0.4989871084690094,0.1773210875693371,0.426479949077021
responses_static,l2_grouped_residual_strategies,loou_user_generalization,fasttext,l2_grouped_wordnet_supersense_all_synsets_g8_t010_rp100,fixed_global_sequence,loou_user13,user13,100,7,31276,100,11897,0.0,100.0,0.3872259569999983,11.341638445773622,0.8217180967330933,0.1782802387156426,0.5,0.5,0.1782802387156426,0.8217197612843574,0.8217187480053962,1.499887730460614e-05,0.0,1.0
responses_static,l2_grouped_residual_strategies,loou_user_generalization,fasttext,l2_grouped_wordnet_supersense_all_synsets_g8_t010_rp100,fixed_global_sequence,loou_user13,user13,200,7,31276,200,11797,0.0,100.0,0.7776874559999669,11.323119888648195,0.8203765153884888,0.17962193778079172,0.5,0.5,0.17962193778079172,0.8203780622192083,0.8203770489402471,1.499887730460614e-05,0.0,1.0
responses_static,l2_grouped_residual_strategies,loou_user_generalization,fasttext,l2_grouped_wordnet_supersense_all_synsets_g8_t010_rp100,fixed_global_sequence,loou_user13,user13,1000,7,31276,1000,10997,0.0,100.0,1.170234827999991,11.19296925106128,0.8109468221664429,0.1890515595162317,0.5,0.5,0.1890515595162317,0.8109484404837684,0.8109473676001624,1.499887730460614e-05,0.0,1.0
responses_static,l2_grouped_residual_strategies,loou_user_generalization,fasttext,l2_grouped_wordnet_supersense_all_synsets_g8_t010_rp100,fixed_global_sequence,loou_user14,user14,100,7,31276,100,11897,0.0,,0.3963648999999805,0.29300651439245295,0.08812021464109421,0.8807262335042447,0.7077999421819222,0.9078572151000716,0.979754468070613,0.6588836331496257,0.06279500246904693,0.39198407530784607,0.12137513658905606,0.6206606707573338
responses_static,l2_grouped_residual_strategies,loou_user_generalization,fasttext,l2_grouped_wordnet_supersense_all_synsets_g8_t010_rp100,fixed_global_sequence,loou_user14,user14,200,7,31276,200,11797,0.2410255061221551,,0.7907507169999803,0.2962672658780632,0.09493061900138855,0.8530982453166059,0.5598256325823042,0.9078727154053846,0.9796027183448999,0.660239677021709,0.0636537901699073,0.2975059151649475,0.050012715097058576,0.7852843943375435
responses_static,l2_grouped_residual_strategies,loou_user_generalization,fasttext,l2_grouped_wordnet_supersense_all_synsets_g8_t010_rp100,fixed_global_sequence,loou_user14,user14,1000,7,31276,1000,10997,0.5087765702869571,1000.0,1.1853186839999807,0.38284140293712116,0.125738725066185,0.8265890697462944,0.5031722442807127,0.9061389675706855,0.9781350508340104,0.6666112675141936,0.11095797936190274,0.19255176186561584,0.0071837773938346824,0.9260707465672456
responses_static,l2_grouped_residual_strategies,loou_user_generalization,fasttext,l2_grouped_wordnet_supersense_all_synsets_g8_t010_rp100,fixed_global_sequence,loou_user15,user15,100,7,31276,100,11897,0.0,100.0,0.38977586000004294,9.190718253481872,0.6658807992935181,0.3341178448348323,0.5,0.5,0.3341178448348323,0.6658821551651677,0.6658811418862065,1.499887730460614e-05,0.0,1.0
responses_static,l2_grouped_residual_strategies,loou_user_generalization,fasttext,l2_grouped_wordnet_supersense_all_synsets_g8_t010_rp100,fixed_global_sequence,loou_user15,user15,200,7,31276,200,11797,0.0,100.0,0.7803392559999907,9.18438654455086,0.6654220819473267,0.3345765872679495,0.5,0.5,0.3345765872679495,0.6654234127320505,0.6654223994530893,1.499887730460614e-05,0.0,1.0
responses_static,l2_grouped_residual_strategies,loou_user_generalization,fasttext,l2_grouped_wordnet_supersense_all_synsets_g8_t010_rp100,fixed_global_sequence,loou_user15,user15,1000,7,31276,1000,10997,0.0,100.0,1.166901504000009,9.132097548164024,0.6616336703300476,0.33836500863871966,0.5,0.5,0.33836500863871966,0.6616349913612803,0.6616339184776744,1.499887730460614e-05,0.0,1.0
responses_static,l2_grouped_residual_strategies,loou_user_generalization,fasttext,l2_grouped_wordnet_supersense_first_synset_g8_t010_rp100,fixed_global_sequence,loou_user0,user0,100,7,31276,100,11897,0.0,100.0,0.39769139699996003,10.562016887402503,0.7652334570884705,0.23476506682356896,0.5,0.5,0.23476506682356896,0.765234933176431,0.7652339198974698,1.499887730460614e-05,0.0,1.0
responses_static,l2_grouped_residual_strategies,loou_user_generalization,fasttext,l2_grouped_wordnet_supersense_first_synset_g8_t010_rp100,fixed_global_sequence,loou_user0,user0,200,7,31276,200,11797,0.0,100.0,0.7949407719999613,10.55794942527858,0.7649387717247009,0.2350597609561753,0.5,0.5,0.2350597609561753,0.7649402390438247,0.7649392257648635,1.499887730460614e-05,0.0,1.0
responses_static,l2_grouped_residual_strategies,loou_user_generalization,fasttext,l2_grouped_wordnet_supersense_first_synset_g8_t010_rp100,fixed_global_sequence,loou_user0,user0,1000,7,31276,1000,10997,0.0,100.0,1.19360033199996,10.522746663151942,0.7623881697654724,0.2376102573429117,0.5,0.5,0.2376102573429117,0.7623897426570883,0.7623886697734823,1.499887730460614e-05,0.0,1.0
responses_static,l2_grouped_residual_strategies,loou_user_generalization,fasttext,l2_grouped_wordnet_supersense_first_synset_g8_t010_rp100,fixed_global_sequence,loou_user1,user1,100,7,31276,100,11897,0.0,,0.39643193999995674,0.4706947614863996,0.15296034514904022,0.7770866605026477,0.7769679221570516,0.8617930992559795,0.8619678308968368,0.85424668744109,0.0402570636450588,0.5231467485427856,0.1957636378919055,0.37454820542994033
responses_static,l2_grouped_residual_strategies,loou_user_generalization,fasttext,l2_grouped_wordnet_supersense_first_synset_g8_t010_rp100,fixed_global_sequence,loou_user1,user1,200,7,31276,200,11797,0.011892063594785703,,0.7947263579999913,0.4867884032224507,0.16032154858112335,0.7651945409849962,0.7674953105424345,0.8623952727115646,0.8620433543744987,0.8555096079645226,0.08311239452577096,0.5169254541397095,0.1969992370941765,0.3878104602865135
responses_static,l2_grouped_residual_strategies,loou_user_generalization,fasttext,l2_grouped_wordnet_supersense_first_synset_g8_t010_rp100,fixed_global_sequence,loou_user1,user1,1000,7,31276,1000,10997,0.04032587189211373,,1.1946312249999664,0.5139351484857875,0.1724892407655716,0.7406565426934618,0.7504453634504973,0.8756461802798587,0.8709468301599563,0.8725078024088606,0.1497539132393099,0.5020503997802734,0.19077930344639446,0.41065745203237247
responses_static,l2_grouped_residual_strategies,loou_user_generalization,fasttext,l2_grouped_wordnet_supersense_first_synset_g8_t010_rp100,fixed_global_sequence,loou_user10,user10,100,7,31276,100,11897,0.0,,0.40381208799999513,0.50687167246425,0.16672684252262115,0.7584264940741363,0.765273705069405,0.8403624109604407,0.8831552588799835,0.758768940822166,0.0815000869531015,0.5231995582580566,0.19677229553668993,0.37421198621501217
responses_static,l2_grouped_residual_strategies,loou_user_generalization,fasttext,l2_grouped_wordnet_supersense_first_synset_g8_t010_rp100,fixed_global_sequence,loou_user10,user10,200,7,31276,200,11797,0.027195553526201004,,0.809656939999968,0.486189117631632,0.1594371795654297,0.7655336102398915,0.7472804549476493,0.8424624609431242,0.8845011032571326,0.7622620825502991,0.03168488579480194,0.5089708566665649,0.19293040603543274,0.40239043824701193
responses_static,l2_grouped_residual_strategies,loou_user_generalization,fasttext,l2_grouped_wordnet_supersense_first_synset_g8_t010_rp100,fixed_global_sequence,loou_user10,user10,1000,7,31276,1000,10997,0.11666912741095979,,1.2152839599999652,0.5310518567186049,0.17990660667419434,0.7193780121851414,0.6809478312857735,0.8491817669116869,0.8868482878698873,0.7775929802439798,0.1276227974117675,0.46215832233428955,0.16850050013640083,0.47903973811039374
responses_static,l2_grouped_residual_strategies,loou_user_generalization,fasttext,l2_grouped_wordnet_supersense_first_synset_g8_t010_rp100,fixed_global_sequence,loou_user11,user11,100,7,31276,100,11897,0.0,,0.3982254259999536,0.48297592008829804,0.15697507560253143,0.7754896192317391,0.7750622418507629,0.8514593476599924,0.7988580890143473,0.8826150238337995,0.06922088318513082,0.5197833180427551,0.19349415819114063,0.38068420610237874
responses_static,l2_grouped_residual_strategies,loou_user_generalization,fasttext,l2_grouped_wordnet_supersense_first_synset_g8_t010_rp100,fixed_global_sequence,loou_user11,user11,200,7,31276,200,11797,-0.003409086869505558,,0.7971645289999856,0.4865771312303277,0.1584191769361496,0.7709587183182165,0.7739302266451291,0.852704335889036,0.7993766950518914,0.8834970218549385,0.08048964195623533,0.5215553045272827,0.19504958887852844,0.3769602441298635
responses_static,l2_grouped_residual_strategies,loou_user_generalization,fasttext,l2_grouped_wordnet_supersense_first_synset_g8_t010_rp100,fixed_global_sequence,loou_user11,user11,1000,7,31276,1000,10997,0.020905067899070665,,1.196743612999967,0.4492828642218384,0.14265643060207367,0.8047649358916068,0.7995673154258937,0.8734824966531822,0.8244795799036575,0.8998628766069692,0.06696416808969273,0.5089172124862671,0.17995817041011186,0.40520141856870057
responses_static,l2_grouped_residual_strategies,loou_user_generalization,fasttext,l2_grouped_wordnet_supersense_first_synset_g8_t010_rp100,fixed_global_sequence,loou_user12,user12,100,7,31276,100,11897,0.0,,0.40166635400004225,0.5259187267725549,0.17461436986923218,0.7403547112717492,0.7424716681802168,0.8185186358555383,0.7708437219435939,0.8478772579374473,0.07586402608420034,0.5212322473526001,0.1926536101538203,0.3770698495419013
responses_static,l2_grouped_residual_strategies,loou_user_generalization,fasttext,l2_grouped_wordnet_supersense_first_synset_g8_t010_rp100,fixed_global_sequence,loou_user12,user12,200,7,31276,200,11797,0.005274090073375959,,0.801549169999987,0.5157974603065882,0.17022497951984406,0.7473086377892685,0.7455144421214362,0.8222060081968492,0.775016946524868,0.8510151737180053,0.06279871908423151,0.5184832215309143,0.19140459438840382,0.3805204713062643
responses_static,l2_grouped_residual_strategies,loou_user_generalization,fasttext,l2_grouped_wordnet_supersense_first_synset_g8_t010_rp100,fixed_global_sequence,loou_user12,user12,1000,7,31276,1000,10997,0.05139879284047504,,1.2037506010000243,0.47701803987831387,0.15367652475833893,0.7809402564335728,0.768601192316306,0.8463479989063335,0.8017521125762737,0.871831007997014,0.03278716516525103,0.49444153904914856,0.16968264072019643,0.4378466854596708
responses_static,l2_grouped_residual_strategies,loou_user_generalization,fasttext,l2_grouped_wordnet_supersense_first_synset_g8_t010_rp100,fixed_global_sequence,loou_user13,user13,100,7,31276,100,11897,0.0,100.0,0.3968319720000295,11.341638445773622,0.8217180967330933,0.1782802387156426,0.5,0.5,0.1782802387156426,0.8217197612843574,0.8217187480053962,1.499887730460614e-05,0.0,1.0
responses_static,l2_grouped_residual_strategies,loou_user_generalization,fasttext,l2_grouped_wordnet_supersense_first_synset_g8_t010_rp100,fixed_global_sequence,loou_user13,user13,200,7,31276,200,11797,0.0,100.0,0.7934171150000111,11.323119888648195,0.8203765153884888,0.17962193778079172,0.5,0.5,0.17962193778079172,0.8203780622192083,0.8203770489402471,1.499887730460614e-05,0.0,1.0
responses_static,l2_grouped_residual_strategies,loou_user_generalization,fasttext,l2_grouped_wordnet_supersense_first_synset_g8_t010_rp100,fixed_global_sequence,loou_user13,user13,1000,7,31276,1000,10997,0.0,100.0,1.1904660520000334,11.19296925106128,0.8109468221664429,0.1890515595162317,0.5,0.5,0.1890515595162317,0.8109484404837684,0.8109473676001624,1.499887730460614e-05,0.0,1.0
responses_static,l2_grouped_residual_strategies,loou_user_generalization,fasttext,l2_grouped_wordnet_supersense_first_synset_g8_t010_rp100,fixed_global_sequence,loou_user14,user14,100,7,31276,100,11897,0.0,,0.42975431299998945,0.29287116557959103,0.08812928944826126,0.8790451374296041,0.7034605749866618,0.9076057666886876,0.9796989383778729,0.6580731929104113,0.06295956766303772,0.3910243511199951,0.1199462049256115,0.6221736572245103
responses_static,l2_grouped_residual_strategies,loou_user_generalization,fasttext,l2_grouped_wordnet_supersense_first_synset_g8_t010_rp100,fixed_global_sequence,loou_user14,user14,200,7,31276,200,11797,0.2399637973873146,,0.8313301210000077,0.29646222195419275,0.09500069171190262,0.8532677799440536,0.5607594607952703,0.9075970739559623,0.9795455752863227,0.6593425641727131,0.06352756735080482,0.29719266295433044,0.04908027464609647,0.7849453250826481
responses_static,l2_grouped_residual_strategies,loou_user_generalization,fasttext,l2_grouped_wordnet_supersense_first_synset_g8_t010_rp100,fixed_global_sequence,loou_user14,user14,1000,7,31276,1000,10997,0.5076999908540768,1000.0,1.2335449259999791,0.38316684733768425,0.12577220797538757,0.8266800036373556,0.503433204614742,0.9055792290632281,0.9779982833622616,0.6648442058580426,0.11093933800247419,0.19250129163265228,0.007365645175957079,0.9251614076566336
responses_static,l2_grouped_residual_strategies,loou_user_generalization,fasttext,l2_grouped_wordnet_supersense_first_synset_g8_t010_rp100,fixed_global_sequence,loou_user15,user15,100,7,31276,100,11897,0.0,100.0,0.4104889740000317,9.190718253481872,0.6658807992935181,0.3341178448348323,0.5,0.5,0.3341178448348323,0.6658821551651677,0.6658811418862065,1.499887730460614e-05,0.0,1.0
responses_static,l2_grouped_residual_strategies,loou_user_generalization,fasttext,l2_grouped_wordnet_supersense_first_synset_g8_t010_rp100,fixed_global_sequence,loou_user15,user15,200,7,31276,200,11797,0.0,100.0,0.810611128000005,9.18438654455086,0.6654220819473267,0.3345765872679495,0.5,0.5,0.3345765872679495,0.6654234127320505,0.6654223994530893,1.499887730460614e-05,0.0,1.0
responses_static,l2_grouped_residual_strategies,loou_user_generalization,fasttext,l2_grouped_wordnet_supersense_first_synset_g8_t010_rp100,fixed_global_sequence,loou_user15,user15,1000,7,31276,1000,10997,0.0,100.0,1.208686508000028,9.132097548164024,0.6616336703300476,0.33836500863871966,0.5,0.5,0.33836500863871966,0.6616349913612803,0.6616339184776744,1.499887730460614e-05,0.0,1.0
responses_static,l2_grouped_residual_strategies,loou_user_generalization,fasttext,l2_grouped_wordnet_supersense_all_synsets_g12_t010_rp100,fixed_global_sequence,loou_user0,user0,100,7,31276,100,11897,0.0,100.0,0.39979921099995863,10.562016887402503,0.7652334570884705,0.23476506682356896,0.5,0.5,0.23476506682356896,0.765234933176431,0.7652339198974698,1.499887730460614e-05,0.0,1.0
responses_static,l2_grouped_residual_strategies,loou_user_generalization,fasttext,l2_grouped_wordnet_supersense_all_synsets_g12_t010_rp100,fixed_global_sequence,loou_user0,user0,200,7,31276,200,11797,0.0,100.0,0.8003268909999974,10.55794942527858,0.7649387717247009,0.2350597609561753,0.5,0.5,0.2350597609561753,0.7649402390438247,0.7649392257648635,1.499887730460614e-05,0.0,1.0
responses_static,l2_grouped_residual_strategies,loou_user_generalization,fasttext,l2_grouped_wordnet_supersense_all_synsets_g12_t010_rp100,fixed_global_sequence,loou_user0,user0,1000,7,31276,1000,10997,0.0,100.0,1.2283857289999673,10.522746663151942,0.7623881697654724,0.2376102573429117,0.5,0.5,0.2376102573429117,0.7623897426570883,0.7623886697734823,1.499887730460614e-05,0.0,1.0
responses_static,l2_grouped_residual_strategies,loou_user_generalization,fasttext,l2_grouped_wordnet_supersense_all_synsets_g12_t010_rp100,fixed_global_sequence,loou_user1,user1,100,7,31276,100,11897,0.0,,0.4000971329999743,0.4699241909774866,0.15264396369457245,0.7770026056989157,0.7769356902228386,0.8625181339971981,0.8626708381624277,0.8549485931048966,0.041225465922493126,0.5232269167900085,0.19483903505085315,0.37286710935529965
responses_static,l2_grouped_residual_strategies,loou_user_generalization,fasttext,l2_grouped_wordnet_supersense_all_synsets_g12_t010_rp100,fixed_global_sequence,loou_user1,user1,200,7,31276,200,11797,0.01049794316456358,,0.7974511150000012,0.48430812201726203,0.159266859292984,0.7685852335339494,0.7708244932363155,0.8645207066923827,0.8640037852065839,0.8577380770832723,0.08586778018376964,0.5177341103553772,0.19606679664321439,0.38730185640417053
responses_static,l2_grouped_residual_strategies,loou_user_generalization,fasttext,l2_grouped_wordnet_supersense_all_synsets_g12_t010_rp100,fixed_global_sequence,loou_user1,user1,1000,7,31276,1000,10997,0.04086638276174713,,1.205711038000004,0.5115675185897731,0.17152944207191467,0.744839501682277,0.7544706119535444,0.8772492298080052,0.8723615832800883,0.8744636827763075,0.14886758092008656,0.5018445253372192,0.19305265072292443,0.41247612985359644
responses_static,l2_grouped_residual_strategies,loou_user_generalization,fasttext,l2_grouped_wordnet_supersense_all_synsets_g12_t010_rp100,fixed_global_sequence,loou_user10,user10,100,7,31276,100,11897,0.0,,0.39914972099995794,0.5060581131283606,0.16640129685401917,0.7589308228965286,0.7655302409633394,0.8407017259170568,0.8833004254829042,0.7592379581946014,0.08054644913558469,0.5233425498008728,0.19601580230310162,0.37538875346726064
responses_static,l2_grouped_residual_strategies,loou_user_generalization,fasttext,l2_grouped_wordnet_supersense_all_synsets_g12_t010_rp100,fixed_global_sequence,loou_user10,user10,200,7,31276,200,11797,0.02764369183453146,,0.8027955169999927,0.486300734899933,0.15947221219539642,0.7661269814359583,0.7477468252731001,0.8424117775848572,0.8843492097887353,0.7620326125426381,0.03170781627435082,0.5088754296302795,0.19174366364329914,0.4016275324234975
responses_static,l2_grouped_residual_strategies,loou_user_generalization,fasttext,l2_grouped_wordnet_supersense_all_synsets_g12_t010_rp100,fixed_global_sequence,loou_user10,user10,1000,7,31276,1000,10997,0.11593254209371029,,1.204514592999999,0.5295556598244522,0.17928406596183777,0.7218332272437937,0.6835938368495688,0.8502169798786919,0.8876314960650099,0.7780023516980643,0.12731573009768474,0.46267011761665344,0.16913703737382924,0.48004001091206694
responses_static,l2_grouped_residual_strategies,loou_user_generalization,fasttext,l2_grouped_wordnet_supersense_all_synsets_g12_t010_rp100,fixed_global_sequence,loou_user11,user11,100,7,31276,100,11897,0.0,,0.40108800099994824,0.4822182160877661,0.15663453936576843,0.7745650163906868,0.7744016510935487,0.8525443300866035,0.7999856486827874,0.8831984145759031,0.0705670459059604,0.520808756351471,0.1956795830881735,0.37589308228965285
responses_static,l2_grouped_residual_strategies,loou_user_generalization,fasttext,l2_grouped_wordnet_supersense_all_synsets_g12_t010_rp100,fixed_global_sequence,loou_user11,user11,200,7,31276,200,11797,-0.0016567249057277064,,0.800453736999998,0.48631367509355716,0.1583368480205536,0.7701110451809782,0.773190968056068,0.8528920586099544,0.7995816411137862,0.8835733932014167,0.08105074854344545,0.5216715931892395,0.19428668305501398,0.3765364075612444
responses_static,l2_grouped_residual_strategies,loou_user_generalization,fasttext,l2_grouped_wordnet_supersense_all_synsets_g12_t010_rp100,fixed_global_sequence,loou_user11,user11,1000,7,31276,1000,10997,0.0215683242804388,,1.201563503999978,0.4486291305833546,0.14238063991069794,0.8044921342184232,0.7998481749362856,0.8744864203792397,0.8253780511595243,0.9012127648843222,0.06935952771975039,0.5095757842063904,0.18032190597435666,0.40501955078657814
responses_static,l2_grouped_residual_strategies,loou_user_generalization,fasttext,l2_grouped_wordnet_supersense_all_synsets_g12_t010_rp100,fixed_global_sequence,loou_user12,user12,100,7,31276,100,11897,0.0,,0.42369453200001317,0.5241858140823261,0.1738530397415161,0.7430444649911743,0.7442944516543331,0.8191708314157994,0.7724423804624678,0.847944124560102,0.07449454350514882,0.5223302245140076,0.19408254181726486,0.3714381776918551
responses_static,l2_grouped_residual_strategies,loou_user_generalization,fasttext,l2_grouped_wordnet_supersense_all_synsets_g12_t010_rp100,fixed_global_sequence,loou_user12,user12,200,7,31276,200,11797,0.004520584664565543,,0.8255720200000383,0.5157920691285166,0.17012199759483337,0.7492582860049165,0.7471915236278267,0.8218628405972286,0.7750448786791864,0.8499914565870607,0.06285678071420739,0.5199689865112305,0.19242180215308977,0.3788251250317877
responses_static,l2_grouped_residual_strategies,loou_user_generalization,fasttext,l2_grouped_wordnet_supersense_all_synsets_g12_t010_rp100,fixed_global_sequence,loou_user12,user12,1000,7,31276,1000,10997,0.04515312646100241,,1.23185449500005,0.47442961744369,0.15228985249996185,0.7851232154223879,0.7732359990767037,0.8492333342951004,0.8054817399574983,0.8731161262109944,0.040044469062218264,0.4987453818321228,0.1759570792034191,0.4262980812948986
responses_static,l2_grouped_residual_strategies,loou_user_generalization,fasttext,l2_grouped_wordnet_supersense_all_synsets_g12_t010_rp100,fixed_global_sequence,loou_user13,user13,100,7,31276,100,11897,0.0,100.0,0.3982724009999856,11.341638445773622,0.8217180967330933,0.1782802387156426,0.5,0.5,0.1782802387156426,0.8217197612843574,0.8217187480053962,1.499887730460614e-05,0.0,1.0
responses_static,l2_grouped_residual_strategies,loou_user_generalization,fasttext,l2_grouped_wordnet_supersense_all_synsets_g12_t010_rp100,fixed_global_sequence,loou_user13,user13,200,7,31276,200,11797,0.0,100.0,0.7951532919999522,11.323119888648195,0.8203765153884888,0.17962193778079172,0.5,0.5,0.17962193778079172,0.8203780622192083,0.8203770489402471,1.499887730460614e-05,0.0,1.0
responses_static,l2_grouped_residual_strategies,loou_user_generalization,fasttext,l2_grouped_wordnet_supersense_all_synsets_g12_t010_rp100,fixed_global_sequence,loou_user13,user13,1000,7,31276,1000,10997,0.0,100.0,1.1934173949999831,11.19296925106128,0.8109468221664429,0.1890515595162317,0.5,0.5,0.1890515595162317,0.8109484404837684,0.8109473676001624,1.499887730460614e-05,0.0,1.0
responses_static,l2_grouped_residual_strategies,loou_user_generalization,fasttext,l2_grouped_wordnet_supersense_all_synsets_g12_t010_rp100,fixed_global_sequence,loou_user14,user14,100,7,31276,100,11897,0.0,,0.4054017569999928,0.29313428205195236,0.0881756916642189,0.8801378498781205,0.7078656469030881,0.9076991447534976,0.979722693465048,0.6581761982219764,0.06255999482674009,0.39200302958488464,0.121207026981592,0.6206606707573338
responses_static,l2_grouped_residual_strategies,loou_user_generalization,fasttext,l2_grouped_wordnet_supersense_all_synsets_g12_t010_rp100,fixed_global_sequence,loou_user14,user14,200,7,31276,200,11797,0.2402266814024834,,0.808959227999992,0.2962487862704986,0.09490750730037689,0.8533525472577774,0.5606020300978322,0.9077135532588496,0.9795716092505493,0.6595476684415695,0.06297155470855964,0.2978334426879883,0.05077562092057303,0.7842671865728575
responses_static,l2_grouped_residual_strategies,loou_user_generalization,fasttext,l2_grouped_wordnet_supersense_all_synsets_g12_t010_rp100,fixed_global_sequence,loou_user14,user14,1000,7,31276,1000,10997,0.5083371352541339,1000.0,1.2122973930000285,0.3826976426952363,0.12568998336791992,0.8266800036373556,0.503433204614742,0.9059908572786927,0.9781123646187901,0.6658574353374429,0.11084549680638117,0.19273333251476288,0.007365645175957079,0.9259798126761845
responses_static,l2_grouped_residual_strategies,loou_user_generalization,fasttext,l2_grouped_wordnet_supersense_all_synsets_g12_t010_rp100,fixed_global_sequence,loou_user15,user15,100,7,31276,100,11897,0.0,100.0,0.40232452100002547,9.190718253481872,0.6658807992935181,0.3341178448348323,0.5,0.5,0.3341178448348323,0.6658821551651677,0.6658811418862065,1.499887730460614e-05,0.0,1.0
responses_static,l2_grouped_residual_strategies,loou_user_generalization,fasttext,l2_grouped_wordnet_supersense_all_synsets_g12_t010_rp100,fixed_global_sequence,loou_user15,user15,200,7,31276,200,11797,0.0,100.0,0.8004969830000164,9.18438654455086,0.6654220819473267,0.3345765872679495,0.5,0.5,0.3345765872679495,0.6654234127320505,0.6654223994530893,1.499887730460614e-05,0.0,1.0
responses_static,l2_grouped_residual_strategies,loou_user_generalization,fasttext,l2_grouped_wordnet_supersense_all_synsets_g12_t010_rp100,fixed_global_sequence,loou_user15,user15,1000,7,31276,1000,10997,0.0,100.0,1.1991251560000364,9.132097548164024,0.6616336703300476,0.33836500863871966,0.5,0.5,0.33836500863871966,0.6616349913612803,0.6616339184776744,1.499887730460614e-05,0.0,1.0
responses_static,l2_grouped_residual_strategies,loou_user_generalization,fasttext,l2_grouped_wordnet_supersense_first_synset_g12_t010_rp100,fixed_global_sequence,loou_user0,user0,100,7,31276,100,11897,0.0,100.0,0.40202030299997205,10.562016887402503,0.7652334570884705,0.23476506682356896,0.5,0.5,0.23476506682356896,0.765234933176431,0.7652339198974698,1.499887730460614e-05,0.0,1.0
responses_static,l2_grouped_residual_strategies,loou_user_generalization,fasttext,l2_grouped_wordnet_supersense_first_synset_g12_t010_rp100,fixed_global_sequence,loou_user0,user0,200,7,31276,200,11797,0.0,100.0,0.8043127089999871,10.55794942527858,0.7649387717247009,0.2350597609561753,0.5,0.5,0.2350597609561753,0.7649402390438247,0.7649392257648635,1.499887730460614e-05,0.0,1.0
responses_static,l2_grouped_residual_strategies,loou_user_generalization,fasttext,l2_grouped_wordnet_supersense_first_synset_g12_t010_rp100,fixed_global_sequence,loou_user0,user0,1000,7,31276,1000,10997,0.0,100.0,1.2077243310000085,10.522746663151942,0.7623881697654724,0.2376102573429117,0.5,0.5,0.2376102573429117,0.7623897426570883,0.7623886697734823,1.499887730460614e-05,0.0,1.0
responses_static,l2_grouped_residual_strategies,loou_user_generalization,fasttext,l2_grouped_wordnet_supersense_first_synset_g12_t010_rp100,fixed_global_sequence,loou_user1,user1,100,7,31276,100,11897,0.0,,0.40406139499998517,0.47087564823822065,0.1530119776725769,0.7767504412877196,0.7766887766425916,0.8618313958830772,0.8618325986536882,0.8542558318771685,0.04066952108783241,0.5237295031547546,0.19710851475161806,0.3743800958224763
responses_static,l2_grouped_residual_strategies,loou_user_generalization,fasttext,l2_grouped_wordnet_supersense_first_synset_g12_t010_rp100,fixed_global_sequence,loou_user1,user1,200,7,31276,200,11797,0.011104936390961682,,0.8091100359999928,0.4862354640049855,0.16005165874958038,0.7658726794947868,0.7681950838505671,0.8633902096331763,0.8628811347584195,0.8564675456020672,0.08437138566467998,0.5179135203361511,0.19479528693735695,0.38670848520810375
responses_static,l2_grouped_residual_strategies,loou_user_generalization,fasttext,l2_grouped_wordnet_supersense_first_synset_g12_t010_rp100,fixed_global_sequence,loou_user1,user1,1000,7,31276,1000,10997,0.040362374004506575,,1.2142096499999866,0.5139961904829571,0.17249082028865814,0.7410202782577067,0.7508211409363228,0.8756309121931671,0.8707662535712458,0.8724986645788665,0.14888613052971744,0.502590537071228,0.19396198963353642,0.4098390470128217
responses_static,l2_grouped_residual_strategies,loou_user_generalization,fasttext,l2_grouped_wordnet_supersense_first_synset_g12_t010_rp100,fixed_global_sequence,loou_user10,user10,100,7,31276,100,11897,0.0,,0.41014007500001526,0.506878971357424,0.16676029562950134,0.7585946036816004,0.7651812606271509,0.8399953465377379,0.8829376254434798,0.7584935291870555,0.08067750066488723,0.5234558582305908,0.1975287887702782,0.3727830545515676
responses_static,l2_grouped_residual_strategies,loou_user_generalization,fasttext,l2_grouped_wordnet_supersense_first_synset_g12_t010_rp100,fixed_global_sequence,loou_user10,user10,200,7,31276,200,11797,0.027441969672056855,,0.8228406979999932,0.48655187696019425,0.15960054099559784,0.7657031448673391,0.7473900901132828,0.8421314250169958,0.8842954593391616,0.7618292085287495,0.03208433670028341,0.5090911984443665,0.19182843095702298,0.40120369585487836
responses_static,l2_grouped_residual_strategies,loou_user_generalization,fasttext,l2_grouped_wordnet_supersense_first_synset_g12_t010_rp100,fixed_global_sequence,loou_user10,user10,1000,7,31276,1000,10997,0.11748735956143679,,1.232287184000029,0.5309069420040119,0.17985385656356812,0.719650813858325,0.6812707591652138,0.8493123547705748,0.8869930064191844,0.77767329739581,0.12762250302609635,0.4619564116001129,0.16804583068109485,0.47894880421933256
responses_static,l2_grouped_residual_strategies,loou_user_generalization,fasttext,l2_grouped_wordnet_supersense_first_synset_g12_t010_rp100,fixed_global_sequence,loou_user11,user11,100,7,31276,100,11897,0.0,,0.40148560500000485,0.4841027746574817,0.15746280550956726,0.7736404135496343,0.7738126277753024,0.8510847760104292,0.7989294056488239,0.8820781804420612,0.07115297282822763,0.5206862092018127,0.19332604858367655,0.3778263427754896
responses_static,l2_grouped_residual_strategies,loou_user_generalization,fasttext,l2_grouped_wordnet_supersense_first_synset_g12_t010_rp100,fixed_global_sequence,loou_user11,user11,200,7,31276,200,11797,-0.003357843964941421,,0.8032043759999965,0.4874565734015459,0.15879938006401062,0.7694329066711876,0.7727748471066206,0.8522966052011216,0.7995362448176078,0.882913103024419,0.08168724722540702,0.5224345922470093,0.19454098499618547,0.3745867593455963
responses_static,l2_grouped_residual_strategies,loou_user_generalization,fasttext,l2_grouped_wordnet_supersense_first_synset_g12_t010_rp100,fixed_global_sequence,loou_user11,user11,1000,7,31276,1000,10997,0.021487087703111325,,1.2038833000000295,0.4498457474249919,0.14285030961036682,0.8043102664363008,0.7991105472486995,0.8732229609853277,0.8240390928537966,0.899412132359156,0.06749175039624002,0.5094981789588928,0.18195871601345823,0.4047467491133946
responses_static,l2_grouped_residual_strategies,loou_user_generalization,fasttext,l2_grouped_wordnet_supersense_first_synset_g12_t010_rp100,fixed_global_sequence,loou_user12,user12,100,7,31276,100,11897,0.0,,0.4007248730000015,0.5257125686862214,0.17452576756477356,0.7395141632344289,0.7414734242961114,0.8185850255314305,0.7714924768851754,0.8476650003052397,0.07614602231324055,0.5217016339302063,0.1916449525090359,0.37421198621501217
responses_static,l2_grouped_residual_strategies,loou_user_generalization,fasttext,l2_grouped_wordnet_supersense_first_synset_g12_t010_rp100,fixed_global_sequence,loou_user12,user12,200,7,31276,200,11797,0.005235983726623359,,0.8081774880000125,0.5159670539303801,0.17026810348033905,0.7481563109265067,0.7463923421458809,0.8219960325497377,0.7749563119789902,0.8505875863116874,0.06399085149427909,0.5189700126647949,0.1904721539374417,0.3807747732474358
responses_static,l2_grouped_residual_strategies,loou_user_generalization,fasttext,l2_grouped_wordnet_supersense_first_synset_g12_t010_rp100,fixed_global_sequence,loou_user12,user12,1000,7,31276,1000,10997,0.04785037213084281,,1.2164311660000067,0.4758558699434866,0.15320251882076263,0.780576520869328,0.768914264653551,0.8475641361202593,0.8038066209317374,0.8726018413831935,0.03916057993078531,0.4967380166053772,0.1718650541056652,0.4332090570155497
responses_static,l2_grouped_residual_strategies,loou_user_generalization,fasttext,l2_grouped_wordnet_supersense_first_synset_g12_t010_rp100,fixed_global_sequence,loou_user13,user13,100,7,31276,100,11897,0.0,100.0,0.4065589749999958,11.341638445773622,0.8217180967330933,0.1782802387156426,0.5,0.5,0.1782802387156426,0.8217197612843574,0.8217187480053962,1.499887730460614e-05,0.0,1.0
responses_static,l2_grouped_residual_strategies,loou_user_generalization,fasttext,l2_grouped_wordnet_supersense_first_synset_g12_t010_rp100,fixed_global_sequence,loou_user13,user13,200,7,31276,200,11797,0.0,100.0,0.8100814830000331,11.323119888648195,0.8203765153884888,0.17962193778079172,0.5,0.5,0.17962193778079172,0.8203780622192083,0.8203770489402471,1.499887730460614e-05,0.0,1.0
responses_static,l2_grouped_residual_strategies,loou_user_generalization,fasttext,l2_grouped_wordnet_supersense_first_synset_g12_t010_rp100,fixed_global_sequence,loou_user13,user13,1000,7,31276,1000,10997,0.0,100.0,1.2140381950000005,11.19296925106128,0.8109468221664429,0.1890515595162317,0.5,0.5,0.1890515595162317,0.8109484404837684,0.8109473676001624,1.499887730460614e-05,0.0,1.0
responses_static,l2_grouped_residual_strategies,loou_user_generalization,fasttext,l2_grouped_wordnet_supersense_first_synset_g12_t010_rp100,fixed_global_sequence,loou_user14,user14,100,7,31276,100,11897,0.0,,0.40485117200000786,0.29283787157682173,0.08811941742897034,0.8791291922333362,0.7033022710002257,0.907616254522489,0.9797069392453409,0.6582362968093411,0.06295885057111464,0.39101970195770264,0.11986215012187947,0.6218374380095822
responses_static,l2_grouped_residual_strategies,loou_user_generalization,fasttext,l2_grouped_wordnet_supersense_first_synset_g12_t010_rp100,fixed_global_sequence,loou_user14,user14,200,7,31276,200,11797,0.24003570306004887,,0.8092981190000046,0.29636358796468415,0.0949653834104538,0.8533525472577774,0.561018259967113,0.9076249607800545,0.9795594584213748,0.659557747017202,0.0632976931091526,0.2971610128879547,0.04899550733237264,0.7851996270238196
responses_static,l2_grouped_residual_strategies,loou_user_generalization,fasttext,l2_grouped_wordnet_supersense_first_synset_g12_t010_rp100,fixed_global_sequence,loou_user14,user14,1000,7,31276,1000,10997,0.5077544250789074,1000.0,1.220196743000031,0.38295627473012067,0.12569297850131989,0.8266800036373556,0.503433204614742,0.9055820165483508,0.9780019890772648,0.6650368484522242,0.11088498999468249,0.19247771799564362,0.007456579067018278,0.9255251432208784
responses_static,l2_grouped_residual_strategies,loou_user_generalization,fasttext,l2_grouped_wordnet_supersense_first_synset_g12_t010_rp100,fixed_global_sequence,loou_user15,user15,100,7,31276,100,11897,0.0,100.0,0.4047978300000068,9.190718253481872,0.6658807992935181,0.3341178448348323,0.5,0.5,0.3341178448348323,0.6658821551651677,0.6658811418862065,1.499887730460614e-05,0.0,1.0
responses_static,l2_grouped_residual_strategies,loou_user_generalization,fasttext,l2_grouped_wordnet_supersense_first_synset_g12_t010_rp100,fixed_global_sequence,loou_user15,user15,200,7,31276,200,11797,0.0,100.0,0.8113886570000091,9.18438654455086,0.6654220819473267,0.3345765872679495,0.5,0.5,0.3345765872679495,0.6654234127320505,0.6654223994530893,1.499887730460614e-05,0.0,1.0
responses_static,l2_grouped_residual_strategies,loou_user_generalization,fasttext,l2_grouped_wordnet_supersense_first_synset_g12_t010_rp100,fixed_global_sequence,loou_user15,user15,1000,7,31276,1000,10997,0.0,100.0,1.2164625049999813,9.132097548164024,0.6616336703300476,0.33836500863871966,0.5,0.5,0.33836500863871966,0.6616349913612803,0.6616339184776744,1.499887730460614e-05,0.0,1.0
responses_static,l2_grouped_residual_strategies,loou_user_generalization,fasttext,l2_grouped_wordnet_supersense_all_synsets_g16_t010_rp100,fixed_global_sequence,loou_user0,user0,100,7,31276,100,11897,0.0,100.0,0.4066976480000335,10.562016887402503,0.7652334570884705,0.23476506682356896,0.5,0.5,0.23476506682356896,0.765234933176431,0.7652339198974698,1.499887730460614e-05,0.0,1.0
responses_static,l2_grouped_residual_strategies,loou_user_generalization,fasttext,l2_grouped_wordnet_supersense_all_synsets_g16_t010_rp100,fixed_global_sequence,loou_user0,user0,200,7,31276,200,11797,0.0,100.0,0.8111338260000025,10.55794942527858,0.7649387717247009,0.2350597609561753,0.5,0.5,0.2350597609561753,0.7649402390438247,0.7649392257648635,1.499887730460614e-05,0.0,1.0
responses_static,l2_grouped_residual_strategies,loou_user_generalization,fasttext,l2_grouped_wordnet_supersense_all_synsets_g16_t010_rp100,fixed_global_sequence,loou_user0,user0,1000,7,31276,1000,10997,0.0,100.0,1.2158249310000429,10.522746663151942,0.7623881697654724,0.2376102573429117,0.5,0.5,0.2376102573429117,0.7623897426570883,0.7623886697734823,1.499887730460614e-05,0.0,1.0
responses_static,l2_grouped_residual_strategies,loou_user_generalization,fasttext,l2_grouped_wordnet_supersense_all_synsets_g16_t010_rp100,fixed_global_sequence,loou_user1,user1,100,7,31276,100,11897,0.0,,0.4089611989999753,0.46986643901835345,0.15259423851966858,0.777843153736236,0.7777515822628231,0.8626238490866911,0.8627902113697111,0.8549644495510454,0.04091965802238699,0.5233917832374573,0.19483903505085315,0.3727830545515676
responses_static,l2_grouped_residual_strategies,loou_user_generalization,fasttext,l2_grouped_wordnet_supersense_all_synsets_g16_t010_rp100,fixed_global_sequence,loou_user1,user1,200,7,31276,200,11797,0.010634027315845916,,0.8164808189999917,0.48430227422068545,0.15925303101539612,0.768754768161397,0.7709941339431368,0.8645034075680031,0.8641226728499322,0.8575169579819916,0.08581569483141338,0.5178260207176208,0.19547342544714758,0.38730185640417053
responses_static,l2_grouped_residual_strategies,loou_user_generalization,fasttext,l2_grouped_wordnet_supersense_all_synsets_g16_t010_rp100,fixed_global_sequence,loou_user1,user1,1000,7,31276,1000,10997,0.04076957933424188,,1.2268953109999643,0.5121539340424242,0.17172406613826752,0.7423842866236247,0.7520660542570712,0.8767875195472999,0.8717029994728362,0.8739535907183317,0.1484520099423653,0.5020533204078674,0.19359825406929163,0.4112939892698009
responses_static,l2_grouped_residual_strategies,loou_user_generalization,fasttext,l2_grouped_wordnet_supersense_all_synsets_g16_t010_rp100,fixed_global_sequence,loou_user10,user10,100,7,31276,100,11897,0.0,,0.40530948099996067,0.5067084447823279,0.16668745875358582,0.7583424392704043,0.7650363092670369,0.8403709910014876,0.8831432157293971,0.7588456051496644,0.08129365155027925,0.5229805111885071,0.19736067916281416,0.3752206438597966
responses_static,l2_grouped_residual_strategies,loou_user_generalization,fasttext,l2_grouped_wordnet_supersense_all_synsets_g16_t010_rp100,fixed_global_sequence,loou_user10,user10,200,7,31276,200,11797,0.02662717341392455,,0.8130016259999593,0.48680948802821605,0.1596985012292862,0.7665508180045775,0.7484341494158513,0.841867728532186,0.8839713069686899,0.7613212041195014,0.03078884532997405,0.5090550184249878,0.19335424260405187,0.3998474188352971
responses_static,l2_grouped_residual_strategies,loou_user_generalization,fasttext,l2_grouped_wordnet_supersense_all_synsets_g16_t010_rp100,fixed_global_sequence,loou_user10,user10,1000,7,31276,1000,10997,0.11394450771737957,,1.2226541499999826,0.5297077140922019,0.17936544120311737,0.721469491679549,0.6831921936048893,0.8500136586833978,0.8875007390731979,0.7775152796447948,0.12709283978600627,0.4633897542953491,0.16850050013640083,0.4771301263981086
responses_static,l2_grouped_residual_strategies,loou_user_generalization,fasttext,l2_grouped_wordnet_supersense_all_synsets_g16_t010_rp100,fixed_global_sequence,loou_user11,user11,100,7,31276,100,11897,0.0,,0.409375907000026,0.4819268316997825,0.15651972591876984,0.7738085231570985,0.7735228489443434,0.8526597314761382,0.8008714017324856,0.883211436686921,0.07008828951840121,0.520488440990448,0.19559552828444146,0.3769857947381693
responses_static,l2_grouped_residual_strategies,loou_user_generalization,fasttext,l2_grouped_wordnet_supersense_all_synsets_g16_t010_rp100,fixed_global_sequence,loou_user11,user11,200,7,31276,200,11797,-0.002495892570462443,,0.8170297500000174,0.4859007314635608,0.15814851224422455,0.7702805798084259,0.7732584803930544,0.8531683368640474,0.8004200117752485,0.8838327907616227,0.0808623324281696,0.5217875242233276,0.19454098499618547,0.37585826905145375
responses_static,l2_grouped_residual_strategies,loou_user_generalization,fasttext,l2_grouped_wordnet_supersense_all_synsets_g16_t010_rp100,fixed_global_sequence,loou_user11,user11,1000,7,31276,1000,10997,0.020376652462390694,,1.2255420930000014,0.4489412477546727,0.14251075685024261,0.8032190597435664,0.798384250567906,0.8742303083438059,0.8245296848918051,0.9011403232339881,0.06870643977057861,0.5098826289176941,0.18132217877602982,0.403109939074293
responses_static,l2_grouped_residual_strategies,loou_user_generalization,fasttext,l2_grouped_wordnet_supersense_all_synsets_g16_t010_rp100,fixed_global_sequence,loou_user12,user12,100,7,31276,100,11897,0.0,,0.4056995880000045,0.5245984082109778,0.1740310937166214,0.7411112045053375,0.7425657165644391,0.8188901927924594,0.7719966462361633,0.847787817877247,0.07423512575490501,0.5217134952545166,0.19332604858367655,0.3735395477851559
responses_static,l2_grouped_residual_strategies,loou_user_generalization,fasttext,l2_grouped_wordnet_supersense_all_synsets_g16_t010_rp100,fixed_global_sequence,loou_user12,user12,200,7,31276,200,11797,0.004588193627254967,,0.8140390579999917,0.5158755889829256,0.1701796054840088,0.7499364245147071,0.7478286839236048,0.8217925907351387,0.7749966857769225,0.8501372510729612,0.06301151107779761,0.5193197727203369,0.19208273289819447,0.38069000593371194
responses_static,l2_grouped_residual_strategies,loou_user_generalization,fasttext,l2_grouped_wordnet_supersense_all_synsets_g16_t010_rp100,fixed_global_sequence,loou_user12,user12,1000,7,31276,1000,10997,0.04217173736704406,,1.2227346399999988,0.47258140354881717,0.1515882909297943,0.7888515049558971,0.7770895934061253,0.8506019459294585,0.8076339565399773,0.8743587894652278,0.041218182532242284,0.49971193075180054,0.17159225243248158,0.4268436846412658
responses_static,l2_grouped_residual_strategies,loou_user_generalization,fasttext,l2_grouped_wordnet_supersense_all_synsets_g16_t010_rp100,fixed_global_sequence,loou_user13,user13,100,7,31276,100,11897,0.0,100.0,0.40729814399998077,11.341638445773622,0.8217180967330933,0.1782802387156426,0.5,0.5,0.1782802387156426,0.8217197612843574,0.8217187480053962,1.499887730460614e-05,0.0,1.0
responses_static,l2_grouped_residual_strategies,loou_user_generalization,fasttext,l2_grouped_wordnet_supersense_all_synsets_g16_t010_rp100,fixed_global_sequence,loou_user13,user13,200,7,31276,200,11797,0.0,100.0,0.8109386549999726,11.323119888648195,0.8203765153884888,0.17962193778079172,0.5,0.5,0.17962193778079172,0.8203780622192083,0.8203770489402471,1.499887730460614e-05,0.0,1.0
responses_static,l2_grouped_residual_strategies,loou_user_generalization,fasttext,l2_grouped_wordnet_supersense_all_synsets_g16_t010_rp100,fixed_global_sequence,loou_user13,user13,1000,7,31276,1000,10997,0.0,100.0,1.2139503009999544,11.19296925106128,0.8109468221664429,0.1890515595162317,0.5,0.5,0.1890515595162317,0.8109484404837684,0.8109473676001624,1.499887730460614e-05,0.0,1.0
responses_static,l2_grouped_residual_strategies,loou_user_generalization,fasttext,l2_grouped_wordnet_supersense_all_synsets_g16_t010_rp100,fixed_global_sequence,loou_user14,user14,100,7,31276,100,11897,0.0,,0.42916455499999984,0.29341625361646134,0.0882599949836731,0.8802219046818526,0.7087497661005382,0.9076009121715569,0.9797032484282939,0.6575648846294816,0.06275504684462273,0.39261892437934875,0.1207026981591998,0.6188955198789611
responses_static,l2_grouped_residual_strategies,loou_user_generalization,fasttext,l2_grouped_wordnet_supersense_all_synsets_g16_t010_rp100,fixed_global_sequence,loou_user14,user14,200,7,31276,200,11797,0.23974493903001382,,0.8365852940000309,0.29602958028960313,0.09480000287294388,0.8531830126303297,0.5607087765580681,0.9076257740364485,0.9795551514484745,0.6588607171825367,0.06263728733107002,0.2984905242919922,0.05111469017546834,0.7827413749258286
responses_static,l2_grouped_residual_strategies,loou_user_generalization,fasttext,l2_grouped_wordnet_supersense_all_synsets_g16_t010_rp100,fixed_global_sequence,loou_user14,user14,1000,7,31276,1000,10997,0.508949222736573,1000.0,1.2476581720000013,0.3825137702403204,0.12563687562942505,0.8265890697462944,0.5031722442807127,0.9059957138249377,0.9781222170111319,0.6655909178942628,0.11077722572105261,0.19279582798480988,0.007365645175957079,0.9254342093298172
responses_static,l2_grouped_residual_strategies,loou_user_generalization,fasttext,l2_grouped_wordnet_supersense_all_synsets_g16_t010_rp100,fixed_global_sequence,loou_user15,user15,100,7,31276,100,11897,0.0,100.0,0.4054076179999697,9.190718253481872,0.6658807992935181,0.3341178448348323,0.5,0.5,0.3341178448348323,0.6658821551651677,0.6658811418862065,1.499887730460614e-05,0.0,1.0
responses_static,l2_grouped_residual_strategies,loou_user_generalization,fasttext,l2_grouped_wordnet_supersense_all_synsets_g16_t010_rp100,fixed_global_sequence,loou_user15,user15,200,7,31276,200,11797,0.0,100.0,0.8125657789999536,9.18438654455086,0.6654220819473267,0.3345765872679495,0.5,0.5,0.3345765872679495,0.6654234127320505,0.6654223994530893,1.499887730460614e-05,0.0,1.0
responses_static,l2_grouped_residual_strategies,loou_user_generalization,fasttext,l2_grouped_wordnet_supersense_all_synsets_g16_t010_rp100,fixed_global_sequence,loou_user15,user15,1000,7,31276,1000,10997,0.0,100.0,1.2176491649999548,9.132097548164024,0.6616336703300476,0.33836500863871966,0.5,0.5,0.33836500863871966,0.6616349913612803,0.6616339184776744,1.499887730460614e-05,0.0,1.0
responses_static,l2_grouped_residual_strategies,loou_user_generalization,fasttext,l2_grouped_wordnet_supersense_first_synset_g16_t010_rp100,fixed_global_sequence,loou_user0,user0,100,7,31276,100,11897,0.0,100.0,0.408823472999984,10.562016887402503,0.7652334570884705,0.23476506682356896,0.5,0.5,0.23476506682356896,0.765234933176431,0.7652339198974698,1.499887730460614e-05,0.0,1.0
responses_static,l2_grouped_residual_strategies,loou_user_generalization,fasttext,l2_grouped_wordnet_supersense_first_synset_g16_t010_rp100,fixed_global_sequence,loou_user0,user0,200,7,31276,200,11797,0.0,100.0,0.814326082999969,10.55794942527858,0.7649387717247009,0.2350597609561753,0.5,0.5,0.2350597609561753,0.7649402390438247,0.7649392257648635,1.499887730460614e-05,0.0,1.0
responses_static,l2_grouped_residual_strategies,loou_user_generalization,fasttext,l2_grouped_wordnet_supersense_first_synset_g16_t010_rp100,fixed_global_sequence,loou_user0,user0,1000,7,31276,1000,10997,0.0,100.0,1.246610903999965,10.522746663151942,0.7623881697654724,0.2376102573429117,0.5,0.5,0.2376102573429117,0.7623897426570883,0.7623886697734823,1.499887730460614e-05,0.0,1.0
responses_static,l2_grouped_residual_strategies,loou_user_generalization,fasttext,l2_grouped_wordnet_supersense_first_synset_g16_t010_rp100,fixed_global_sequence,loou_user1,user1,100,7,31276,100,11897,0.0,,0.4043619380000223,0.4707116557317969,0.15296337008476257,0.777759098932504,0.7776978906460947,0.8619172487499522,0.8619529846079099,0.8543437063972343,0.04063172751017313,0.5234819650650024,0.19694040514415398,0.3735395477851559
responses_static,l2_grouped_residual_strategies,loou_user_generalization,fasttext,l2_grouped_wordnet_supersense_first_synset_g16_t010_rp100,fixed_global_sequence,loou_user1,user1,200,7,31276,200,11797,0.010776913819075737,,0.8073121660000311,0.48593057808802986,0.15993253886699677,0.7665508180045775,0.768865162485513,0.8635447225936573,0.8630678509532372,0.8566573770758252,0.08511696313221676,0.5178404450416565,0.19504958887852844,0.38611511401203696
responses_static,l2_grouped_residual_strategies,loou_user_generalization,fasttext,l2_grouped_wordnet_supersense_first_synset_g16_t010_rp100,fixed_global_sequence,loou_user1,user1,1000,7,31276,1000,10997,0.041174052697558916,,1.2128313769999863,0.5139523643746288,0.1724744439125061,0.742566154405747,0.7523239521561891,0.8756823092197803,0.8707152192024346,0.8726425303682923,0.14867507081319278,0.5019280910491943,0.19378012185141402,0.4090206419932709
responses_static,l2_grouped_residual_strategies,loou_user_generalization,fasttext,l2_grouped_wordnet_supersense_first_synset_g16_t010_rp100,fixed_global_sequence,loou_user10,user10,100,7,31276,100,11897,0.0,,0.40801144200003137,0.5068357368474089,0.16674400866031647,0.7584264940741363,0.7649400368064694,0.8400266893543484,0.88305189676009,0.7583332328834564,0.08069405654761393,0.523277997970581,0.19761284357401027,0.37362360258888794
responses_static,l2_grouped_residual_strategies,loou_user_generalization,fasttext,l2_grouped_wordnet_supersense_first_synset_g16_t010_rp100,fixed_global_sequence,loou_user10,user10,200,7,31276,200,11797,0.027525336171573826,,0.8175789730000247,0.48662763387383606,0.15965190529823303,0.7655336102398915,0.7473796316425294,0.842019272071366,0.8843820532580604,0.7614749153022826,0.03211346564795026,0.5088745951652527,0.19242180215308977,0.40128846316860217
responses_static,l2_grouped_residual_strategies,loou_user_generalization,fasttext,l2_grouped_wordnet_supersense_first_synset_g16_t010_rp100,fixed_global_sequence,loou_user10,user10,1000,7,31276,1000,10997,0.11738918172925208,,1.224250368000014,0.5304939944967673,0.17973247170448303,0.7199236155315086,0.6816226143058949,0.8496410104849884,0.8873889792438507,0.7780972920431865,0.1277014492771523,0.4618508219718933,0.16722742566154405,0.4801309448031281
responses_static,l2_grouped_residual_strategies,loou_user_generalization,fasttext,l2_grouped_wordnet_supersense_first_synset_g16_t010_rp100,fixed_global_sequence,loou_user11,user11,100,7,31276,100,11897,0.0,,0.404696438999963,0.483579761529983,0.15721772611141205,0.7748171808018828,0.7748257921147249,0.8513669174426687,0.7986393977798663,0.8823536408435179,0.07000329018370628,0.5206454396247864,0.19332604858367655,0.37597713709338487
responses_static,l2_grouped_residual_strategies,loou_user_generalization,fasttext,l2_grouped_wordnet_supersense_first_synset_g16_t010_rp100,fixed_global_sequence,loou_user11,user11,200,7,31276,200,11797,-0.0032476315632512538,,0.8126042959999609,0.4870732003035932,0.15862630307674408,0.7701110451809782,0.7733735575579446,0.8524442377815129,0.7993450789167854,0.8831355144888848,0.08057903672912782,0.5223363041877747,0.19445621768246163,0.3732304823260151
responses_static,l2_grouped_residual_strategies,loou_user_generalization,fasttext,l2_grouped_wordnet_supersense_first_synset_g16_t010_rp100,fixed_global_sequence,loou_user11,user11,1000,7,31276,1000,10997,0.02097440166154912,,1.2189657739999689,0.45075056954279213,0.1432187706232071,0.8030371919614441,0.7976045834548114,0.8725220026602144,0.8228630094182424,0.8989024082464667,0.06745985438008086,0.5097252130508423,0.18159498044921343,0.40420114576702737
responses_static,l2_grouped_residual_strategies,loou_user_generalization,fasttext,l2_grouped_wordnet_supersense_first_synset_g16_t010_rp100,fixed_global_sequence,loou_user12,user12,100,7,31276,100,11897,0.0,,0.4408460679999848,0.5251948740914874,0.17432668805122375,0.739850382449357,0.7420457738020225,0.8191968812093141,0.7726678749605063,0.8481330565552414,0.07674479185207217,0.5213327407836914,0.19307388417248045,0.3778263427754896
responses_static,l2_grouped_residual_strategies,loou_user_generalization,fasttext,l2_grouped_wordnet_supersense_first_synset_g16_t010_rp100,fixed_global_sequence,loou_user12,user12,200,7,31276,200,11797,0.005332411365810737,,0.8465790779999907,0.5152836127403786,0.1699996143579483,0.7483258455539544,0.7466982415983249,0.8226835286577168,0.7762566032589967,0.8510736186970502,0.06440252052269375,0.5185527801513672,0.19106552513350852,0.38221581758074086
responses_static,l2_grouped_residual_strategies,loou_user_generalization,fasttext,l2_grouped_wordnet_supersense_first_synset_g16_t010_rp100,fixed_global_sequence,loou_user12,user12,1000,7,31276,1000,10997,0.04816222741133837,,1.2516913789999649,0.47472942089455034,0.15273354947566986,0.7812130581067563,0.7694844035739262,0.8484323712915294,0.8052007060567096,0.8732147606606455,0.0397570809018962,0.49622419476509094,0.17241065745203238,0.4333909247976721
responses_static,l2_grouped_residual_strategies,loou_user_generalization,fasttext,l2_grouped_wordnet_supersense_first_synset_g16_t010_rp100,fixed_global_sequence,loou_user13,user13,100,7,31276,100,11897,0.0,100.0,0.40734541099999433,11.341638445773622,0.8217180967330933,0.1782802387156426,0.5,0.5,0.1782802387156426,0.8217197612843574,0.8217187480053962,1.499887730460614e-05,0.0,1.0
responses_static,l2_grouped_residual_strategies,loou_user_generalization,fasttext,l2_grouped_wordnet_supersense_first_synset_g16_t010_rp100,fixed_global_sequence,loou_user13,user13,200,7,31276,200,11797,0.0,100.0,0.8093721630000346,11.323119888648195,0.8203765153884888,0.17962193778079172,0.5,0.5,0.17962193778079172,0.8203780622192083,0.8203770489402471,1.499887730460614e-05,0.0,1.0
responses_static,l2_grouped_residual_strategies,loou_user_generalization,fasttext,l2_grouped_wordnet_supersense_first_synset_g16_t010_rp100,fixed_global_sequence,loou_user13,user13,1000,7,31276,1000,10997,0.0,100.0,1.2150462889999858,11.19296925106128,0.8109468221664429,0.1890515595162317,0.5,0.5,0.1890515595162317,0.8109484404837684,0.8109473676001624,1.499887730460614e-05,0.0,1.0
responses_static,l2_grouped_residual_strategies,loou_user_generalization,fasttext,l2_grouped_wordnet_supersense_first_synset_g16_t010_rp100,fixed_global_sequence,loou_user14,user14,100,7,31276,100,11897,0.0,,0.4065410879999831,0.2928249045866675,0.088143490254879,0.8788770278221401,0.703151729049202,0.9075023680698004,0.9796887610474247,0.6579586549188737,0.06242903059391834,0.39071816205978394,0.1194418761032193,0.6220896024207784
responses_static,l2_grouped_residual_strategies,loou_user_generalization,fasttext,l2_grouped_wordnet_supersense_first_synset_g16_t010_rp100,fixed_global_sequence,loou_user14,user14,200,7,31276,200,11797,0.24003430578309037,,0.8150577769999927,0.29646714929789897,0.09501535445451736,0.8536068491989489,0.5622108873519217,0.9074732228773746,0.9795327552197388,0.6591167616282765,0.06288744446316182,0.2969323992729187,0.048910740018648806,0.785030092396372
responses_static,l2_grouped_residual_strategies,loou_user_generalization,fasttext,l2_grouped_wordnet_supersense_first_synset_g16_t010_rp100,fixed_global_sequence,loou_user14,user14,1000,7,31276,1000,10997,0.5072500866873944,1000.0,1.2280910370000129,0.3829211004956685,0.1256939321756363,0.8267709375284168,0.5036941649487712,0.9055439688132716,0.978005247770956,0.664851153816313,0.11086355437958818,0.19252634048461914,0.007456579067018278,0.925797944894062
responses_static,l2_grouped_residual_strategies,loou_user_generalization,fasttext,l2_grouped_wordnet_supersense_first_synset_g16_t010_rp100,fixed_global_sequence,loou_user15,user15,100,7,31276,100,11897,0.0,100.0,0.4093879210000182,9.190718253481872,0.6658807992935181,0.3341178448348323,0.5,0.5,0.3341178448348323,0.6658821551651677,0.6658811418862065,1.499887730460614e-05,0.0,1.0
responses_static,l2_grouped_residual_strategies,loou_user_generalization,fasttext,l2_grouped_wordnet_supersense_first_synset_g16_t010_rp100,fixed_global_sequence,loou_user15,user15,200,7,31276,200,11797,0.0,100.0,0.81062932399999,9.18438654455086,0.6654220819473267,0.3345765872679495,0.5,0.5,0.3345765872679495,0.6654234127320505,0.6654223994530893,1.499887730460614e-05,0.0,1.0
responses_static,l2_grouped_residual_strategies,loou_user_generalization,fasttext,l2_grouped_wordnet_supersense_first_synset_g16_t010_rp100,fixed_global_sequence,loou_user15,user15,1000,7,31276,1000,10997,0.0,100.0,1.2123724500000321,9.132097548164024,0.6616336703300476,0.33836500863871966,0.5,0.5,0.33836500863871966,0.6616349913612803,0.6616339184776744,1.499887730460614e-05,0.0,1.0
